index,module,topic,color,feed,term,created,country,ratio,counter,pages,language,ipcc,continent
'8361b4e2da',extremes,Storm,#b3b2b1,wmo,Storm Most waters,2024-07-04T02:48:00+00:00,Solomon Islands,0.6710588680749459,1.0,3.0,en,EPO,Oceania
'7e091457ed',extremes,Earthquake,#870007,usgs,Earthquake Kundiawa,2024-06-30T02:50:00+00:00,Papua New Guinea,0.6684439360039387,0.0,2.0,en,SEA,Oceania
'ff085f2ed8',extremes,Storm,#b3b2b1,wmo,Storm Stavern Lyngoer,2024-07-04T02:48:00+00:00,Norway,0.6678838533414067,0.0,2.0,en,NEU,Europe
'a5c4bf54b7',extremes,Storm,#b3b2b1,wmo,Storm Surge Slovenia North East,2024-06-30T02:50:00+00:00,Slovenia,0.6661121565889948,0.0,2.0,en,WCE,Europe
'e26a2db7b2',extremes,Precipitation,#d60d2b,acwe,wet spell Northern Territory,2024-07-04T02:49:00+00:00,Australia,0.6642545396504819,0.0,2.0,en,CAU,Oceania
'5ce26dcc52',extremes,Storm,#b3b2b1,wmo,Storm Northwest Pinal County,2024-07-01T02:52:00+00:00,United States,0.6637561584139082,0.0,2.0,en,CNA,North-America
'603055183e',extremes,Heat Wave,#c40202,wmo,Heat Wave Poltár,2024-06-30T02:50:00+00:00,Slovakia,0.6636399936254869,0.0,2.0,en,WCE,Europe
'6742edc857',extremes,Thunderstorm,#53785a,wmo,Hail Śląskie Province Będziński County,2024-06-30T02:50:00+00:00,Poland,0.6629963482617294,0.0,2.0,en,WCE,Europe
'f03157214f',extremes,Thunderstorm,#53785a,wmo,Thunderstorm Marijampolės apskritis,2024-06-30T02:50:00+00:00,Lithuania,0.6628829960406111,0.0,2.0,en,WCE,Europe
'60e333eb66',extremes,Heat Wave,#c40202,wmo,Heat Wave Podlaskie Province Kolneński County,2024-06-30T02:50:00+00:00,Poland,0.6623689770478058,0.0,2.0,en,WCE,Europe
'7765b7fbe3',extremes,Storm,#b3b2b1,wmo,Storm Lyngoer Oksoey,2024-07-04T02:48:00+00:00,Norway,0.6619645501894162,0.0,2.0,en,NEU,Europe
'5fd1cb320a',extremes,Storm,#b3b2b1,wmo,Storm Stadt Fehmarn,2024-07-03T02:46:00+00:00,Germany,0.6619386615518915,0.0,2.0,en,WCE,Europe
'e72726e5f6',extremes,Heat Wave,#c40202,wmo,Heat Wave La Mancha conquense,2024-07-04T02:48:00+00:00,Spain,0.6618969347740251,0.0,2.0,en,MED,Europe
'cdbdd487d6',extremes,Heat Wave,#c40202,wmo,Heat Wave Lichuan County,2024-07-01T02:52:00+00:00,China,0.6613726344761555,0.0,2.0,en,EAS,Asia
'a0171d9314',extremes,Precipitation,#d60d2b,relief,Flash Flood Uganda,2024-07-01T02:52:00+00:00,Uganda,0.6613453635212356,0.0,2.0,en,SEAF,Africa
'199a71ffe8',extremes,Heat Wave,#c40202,meteo,Heat Wave Montenegro,2024-06-30T02:50:00+00:00,Montenegro,0.6603701350856985,0.0,2.0,en,MED,Europe
'8e5b367351',extremes,Precipitation,#d60d2b,wmo,Precipitation Italy,2024-06-30T02:50:00+00:00,Italy,0.660020856940579,0.0,2.0,en,MED,Europe
'2645b53cb0',extremes,Storm,#b3b2b1,wmo,Storm Pomorskie Province Słupsk County,2024-06-30T02:50:00+00:00,Poland,0.6598613544261716,0.0,2.0,en,WCE,Europe
'5c0a076489',extremes,Storm,#b3b2b1,wmo,Storm France,2024-06-27T02:47:00+00:00,France,0.6596942904493756,1.0,3.0,en,WCE,Europe
'15aca2f11a',extremes,Thunderstorm,#53785a,wmo,Hail East Sterea Evvoia,2024-07-04T02:48:00+00:00,Greece,0.6594147039199018,0.0,2.0,en,MED,Europe
'1b814f4418',extremes,Storm,#b3b2b1,wmo,Storm Stadt Wernigerode,2024-06-30T02:50:00+00:00,Germany,0.6592645929041868,0.0,2.0,en,WCE,Europe
'ff9e2be949',extremes,Heat Wave,#c40202,wmo,Heat Wave Kysucké Nové Mesto,2024-06-30T02:50:00+00:00,Slovakia,0.6592188092509444,0.0,2.0,en,WCE,Europe
'5e80e3965c',extremes,Storm,#b3b2b1,wmo,Storm Surge Tuva Republic,2024-07-01T02:52:00+00:00,Russia,0.6583068658190834,0.0,2.0,en,ESB,Europe
'35b748f011',extremes,Heat Wave,#c40202,wmo,Heat Wave Vranov nad Topľou,2024-06-30T02:50:00+00:00,Slovakia,0.6578629854717156,0.0,2.0,en,WCE,Europe
'2230c779f8',extremes,Thunderstorm,#53785a,wmo,Thunderstorm Litoral de Barcelona,2024-07-01T02:52:00+00:00,Spain,0.6567593785838667,0.0,2.0,en,MED,Europe
'22c3e820bc',extremes,Fog,#d60d2b,wmo,Fog Ruzhou,2024-07-04T02:48:00+00:00,China,0.6566356081099527,0.0,2.0,en,EAS,Asia
'f4776a9e9c',extremes,Fog,#d60d2b,wmo,Fog Zhidan County,2024-07-01T02:52:00+00:00,China,0.6549774955400087,0.0,2.0,en,EAS,Asia
'c5ad20e461',extremes,Heat Wave,#c40202,wmo,Heat Wave Prešov,2024-06-30T02:50:00+00:00,Slovakia,0.6547679481432689,0.0,2.0,en,WCE,Europe
'c73f02fe23',extremes,Heat Wave,#c40202,wmo,Heat Wave Campiña gaditana,2024-07-03T02:46:00+00:00,Spain,0.6541972242033087,0.0,2.0,en,MED,Europe
'f67fcf33f2',extremes,Storm,#b3b2b1,wmo,Storm Surge Coast of ​​Okhotsk Sea,2024-07-01T02:52:00+00:00,Russian Federation,0.6536427613386644,0.0,2.0,en,ESB,Europe
'428ecfb15e',extremes,Fog,#d60d2b,wmo,Fog Baojing County,2024-07-03T02:46:00+00:00,China,0.653474334894925,0.0,2.0,en,EAS,Asia
'b459b19198',extremes,Storm,#b3b2b1,wmo,Storm Surge Costa Menorca,2024-07-03T02:46:00+00:00,Spain,0.6520152000959308,0.0,2.0,en,MED,Europe
'b0433c0543',extremes,Fog,#d60d2b,wmo,Fog Tonggu County,2024-07-02T02:48:00+00:00,China,0.6514619889081659,0.0,2.0,en,EAS,Asia
'24fee9116f',extremes,Heat Wave,#c40202,wmo,Heat Wave La Mancha albaceteña,2024-07-04T02:48:00+00:00,Spain,0.6513249477562679,0.0,2.0,en,MED,Europe
'28370789c3',extremes,Storm,#b3b2b1,meteo,Coastal Event Egypt,2024-07-02T02:47:00+00:00,Egypt,0.6507214049253572,0.0,2.0,en,ARP,Africa
'886c02bbd5',extremes,Fog,#d60d2b,wmo,Fog Sangzhi County,2024-07-02T02:48:00+00:00,China,0.6482561453273394,0.0,2.0,en,EAS,Asia
'd08e77205a',extremes,Thunderstorm,#53785a,wmo,Thunderstorm West Sterea,2024-07-04T02:48:00+00:00,Greece,0.6473851940944905,0.0,2.0,en,MED,Europe
'34343550d1',extremes,Heat Wave,#c40202,wmo,Heat Wave Sierra y Pedroches,2024-07-04T02:48:00+00:00,Spain,0.6444310423647778,0.0,2.0,en,MED,Europe
'9c4b1555e3',extremes,Heat Wave,#c40202,wmo,Heat Wave Cazorla y Segura,2024-07-04T02:48:00+00:00,Spain,0.6423624323672033,0.0,2.0,en,MED,Europe
'be3e20465e',extremes,Storm,#b3b2b1,wmo,Storm Belize,2024-07-03T02:46:00+00:00,Belize,0.6419635911945061,1.0,3.0,en,SCA,North-America
'fe93d58d94',extremes,Storm,#b3b2b1,wmo,Storm Surge Podkarpackie Province Krosno County,2024-07-01T02:52:00+00:00,Poland,0.6405201359497428,0.0,2.0,en,WCE,Europe
'7096246f63',extremes,Fog,#d60d2b,wmo,Fog Luqu County,2024-07-02T02:48:00+00:00,China,0.6396413998808457,0.0,2.0,en,EAS,Asia
'1d99d8eef2',extremes,Thunderstorm,#53785a,wmo,Hail Prelitoral de Barcelona,2024-07-01T02:52:00+00:00,Spain,0.6374286241539068,0.0,2.0,en,MED,Europe
'9ee8e37a94',extremes,Storm,#b3b2b1,wmo,Storm Surge West Istrian coast region,2024-07-03T02:46:00+00:00,Croatia,0.6357053199042237,0.0,2.0,en,WCE,Europe
'24e956feb4',extremes,Storm,#b3b2b1,wmo,Storm Surge Hong Kong,2024-07-04T02:48:00+00:00,Hong Kong,0.6350178674702656,1.0,2.0,en,EAS,Asia
'061b4550e0',extremes,Precipitation,#d60d2b,wmo,Downpour Mostar,2024-07-02T02:48:00+00:00,Bosnia and Herzegovina,0.6338349177760332,0.0,2.0,en,MED,Europe
'64f6a71e32',extremes,Landslide,#572c03,wmo,Rockslide Jianchuan County,2024-07-01T02:52:00+00:00,China,0.6324952921245074,0.0,2.0,en,EAS,Asia
'ebb993d80d',extremes,Heat Wave,#c40202,wmo,Heat Wave Childress Cottle King Stonewall,2024-07-02T02:48:00+00:00,United States,0.6312517150286364,0.0,2.0,en,CNA,North-America
'48ae3121b1',extremes,Landslide,#572c03,wmo,Rockslide Lushui City,2024-07-01T02:52:00+00:00,China,0.6302002014546871,0.0,2.0,en,EAS,Asia
'8d8c400e95',extremes,Fog,#d60d2b,wmo,Fog Huan County,2024-07-02T02:48:00+00:00,China,0.6301781342366026,0.0,2.0,en,EAS,Asia
'169bc1192d',extremes,Heat Wave,#c40202,wmo,Heat Wave La Siberia extremeña,2024-07-03T02:46:00+00:00,Spain,0.6283545828297619,0.0,2.0,en,MED,Europe
'251b2ac4b8',extremes,Storm,#b3b2b1,wmo,Storm Pamlico Sound,2024-07-01T02:52:00+00:00,United States,0.6276036714457899,0.0,2.0,en,CNA,North-America
'55fa58080b',extremes,Landslide,#572c03,wmo,Rockslide Midu County,2024-07-03T02:46:00+00:00,China,0.6275168483102688,0.0,2.0,en,EAS,Asia
'82d03cec4a',extremes,Storm,#b3b2b1,wmo,Storm Bajo Aragón de Teruel,2024-07-01T02:52:00+00:00,Spain,0.6269024415427946,0.0,2.0,en,MED,Europe
'fc2ad24d27',extremes,Earthquake,#870007,usgs,Earthquake Honoria,2024-07-04T02:47:00+00:00,Peru,0.6257103843731116,0.0,2.0,en,NWS,South-America
'cf2e90e30a',extremes,Landslide,#572c03,wmo,Mudslide Zhaoyang,2024-07-04T02:48:00+00:00,China,0.6236244161895617,0.0,2.0,en,EAS,Asia
'3fe481b522',extremes,Storm,#b3b2b1,wmo,Storm Surge Central coastal zone,2024-07-03T02:46:00+00:00,Poland,0.6224721583232625,0.0,2.0,en,WCE,Europe
'138af6b154',extremes,Storm,#b3b2b1,wmo,Storm South of Kamchatka Krai,2024-07-01T02:52:00+00:00,Russian Federation,0.6197740029259454,0.0,2.0,en,ESB,Europe
'd2f614669c',extremes,Landslide,#572c03,wmo,Rockslide Fengqing County,2024-07-02T02:48:00+00:00,China,0.6194271478390357,0.0,2.0,en,EAS,Asia
'397a197948',extremes,Landslide,#572c03,wmo,Rockslide Yi Autonomous County of Nanjian,2024-07-04T02:48:00+00:00,China,0.6179318065087648,0.0,2.0,en,EAS,Asia
'868b578649',extremes,Heat Wave,#c40202,wmo,Heat Wave Bragança,2024-07-04T02:48:00+00:00,Portugal,0.6177324464151371,0.0,2.0,en,MED,Europe
'9e775520d1',extremes,Landslide,#572c03,wmo,Mudslide Yongping County,2024-07-04T02:48:00+00:00,China,0.6176203509144089,0.0,2.0,en,EAS,Asia
'c6a4d5ebdd',extremes,Landslide,#572c03,wmo,Rockslide Jiangchuan District,2024-07-04T02:48:00+00:00,China,0.6149744579964116,0.0,2.0,en,EAS,Asia
'1cd7875a6c',extremes,Thunderstorm,#53785a,wmo,Severe Weather Litoral norte de Valencia,2024-07-01T02:52:00+00:00,Spain,0.6116190176957856,0.0,2.0,en,MED,Europe
'4d96105ee5',extremes,Precipitation,#d60d2b,wmo,Torrential Rain Mogilev Region,2024-07-03T02:46:00+00:00,Belarus,0.6115480526515961,0.0,2.0,en,WCE,Europe
'1b4e1fe706',extremes,Thunderstorm,#53785a,wmo,Thunderstorm Istocna Srbija,2024-07-02T02:48:00+00:00,Serbia,0.6113294731190309,0.0,2.0,en,MED,Europe
'5bcc08e481',extremes,Landslide,#572c03,wmo,Landslide Yunlong County,2024-07-02T02:48:00+00:00,China,0.6109070837023817,0.0,2.0,en,EAS,Asia
'82ac6eb255',extremes,Thunderstorm,#53785a,wmo,Thunderstorm Sur de Mallorca,2024-07-01T02:52:00+00:00,Spain,0.6096031396169127,0.0,2.0,en,MED,Europe
'f09651f25d',extremes,Landslide,#572c03,wmo,Rockslide Maguan County,2024-07-04T02:48:00+00:00,China,0.6075455770090795,0.0,2.0,en,EAS,Asia
'931844255b',extremes,Storm,#b3b2b1,eswd,Storm Turkey,2024-07-04T02:48:00+00:00,Turkey,0.6067634154395666,0.0,2.0,en,MED,Asia
'85e3ffd0aa',extremes,Landslide,#572c03,wmo,Mudslide Dingcheng District,2024-07-02T02:48:00+00:00,China,0.6046749803848577,0.0,2.0,en,EAS,Asia
'652b73d6f3',extremes,Landslide,#572c03,wmo,Landslide Changning County,2024-07-01T02:52:00+00:00,China,0.6040030892094315,0.0,2.0,en,EAS,Asia
'59b529f428',extremes,Thunderstorm,#53785a,random,hailstorm,2024-07-02T02:47:00+00:00,,0.6037005469690764,0.0,2.0,en,,
'7f76d49e1b',extremes,Landslide,#572c03,wmo,Landslide Zanhuang County,2024-07-02T02:48:00+00:00,China,0.6036950472076845,0.0,2.0,en,EAS,Asia
'da319b7d3c',extremes,Earthquake,#870007,usgs,Earthquake Sarpol e Z̄ahāb,2024-07-02T02:47:00+00:00,Iran,0.6024423822033471,0.0,2.0,en,WCA,Asia
'5c419c6d00',extremes,Thunderstorm,#53785a,wmo,Severe Weather Sierra Tramontana,2024-07-01T02:52:00+00:00,Spain,0.601802889663098,0.0,2.0,en,MED,Europe
'846262f8c3',extremes,Heat Wave,#c40202,wmo,Heat Wave Ji an County,2024-07-03T02:46:00+00:00,China,0.6002463040729682,0.0,2.0,en,EAS,Asia
'0060479211',extremes,Landslide,#572c03,wmo,Rockslide Zhenkang County,2024-07-04T02:48:00+00:00,China,0.5999829259289874,0.0,2.0,en,EAS,Asia
'fc35c517d7',extremes,Thunderstorm,#53785a,wmo,Hail CHINTUR Mandal.,2024-07-04T02:48:00+00:00,India,0.59755386754137,0.0,2.0,en,SAS,Asia
'5ac8b5f622',extremes,Precipitation,#d60d2b,wmo,Downpour Prijedor,2024-07-02T02:48:00+00:00,Bosnia and Herzegovina,0.5959810518304671,0.0,2.0,en,MED,Europe
'038c54f354',extremes,Heat Wave,#c40202,wmo,Heat Wave Changshou City,2024-07-04T02:48:00+00:00,China,0.5951801960164258,0.0,2.0,en,EAS,Asia
'a1388e51be',extremes,Precipitation,#d60d2b,wmo,Downpour Vitebsk Region,2024-07-03T02:46:00+00:00,Belarus,0.5943718861606483,0.0,2.0,en,WCE,Europe
'6d31fc1f18',extremes,Volcano,#b83202,eonet,Volcano Indonesia,2023-07-26T00:00:0+00:00,Indonesia,0.5943022917493982,2.0,2.0,en,SEA,Asia
'2457fc3249',extremes,Precipitation,#d60d2b,wmo,Torrential Rain Foca,2024-07-02T02:48:00+00:00,Bosnia and Herzegovina,0.5940987189011055,0.0,2.0,en,MED,Europe
'3db918ccd4',extremes,Heat Wave,#c40202,wmo,Heat Wave Qingshen County,2024-07-02T02:48:00+00:00,China,0.5931693745403506,0.0,2.0,en,EAS,Asia
'31154c557a',extremes,Storm,#b3b2b1,wmo,Storm Pinggu District,2024-07-03T02:46:00+00:00,China,0.5930772867716894,0.0,2.0,en,EAS,Asia
'3d45f2147a',extremes,Thunderstorm,#53785a,wmo,Severe Weather NAGARI VIJAYAPURAM Mandals.,2024-07-04T02:48:00+00:00,India,0.5928384456713952,0.0,2.0,en,SAS,Asia
'5052374526',extremes,Heat Wave,#c40202,wmo,Heat Wave Yushan County,2024-07-04T02:48:00+00:00,China,0.5920200683195503,0.0,2.0,en,EAS,Asia
'681a0283b4',extremes,Flood,#030ba1,wmo,Flooding Zhenjiang City,2024-07-02T02:48:00+00:00,China,0.5919852786603714,0.0,2.0,en,EAS,Asia
'5c61d0f043',extremes,Earthquake,#870007,usgs,Earthquake Gilgit,2024-07-04T02:47:00+00:00,Pakistan,0.5904708798206569,0.0,2.0,en,WCA,Asia
'abdfec493d',extremes,Precipitation,#d60d2b,wmo,Precipitation Thessalia,2024-07-04T02:48:00+00:00,Greece,0.5902724785577816,0.0,2.0,en,MED,Europe
'c74b14a1d6',extremes,Heat Wave,#c40202,wmo,Heat Wave Xianju County,2024-07-03T02:46:00+00:00,China,0.5899638782929497,0.0,2.0,en,EAS,Asia
'21f1c994a6',extremes,Drought,#edc291,emdat,Drought Spain,2023-04-31T12:00:00+00:00,Spain,0.5899001496528637,1.0,2.0,en,MED,Europe
'2cb1e47e2e',extremes,Flood,#030ba1,wmo,Flooding Bhamo,2024-07-02T02:48:00+00:00,Myanmar,0.5893986412146972,0.0,2.0,en,SAS,Asia
'f3d77ad2b9',extremes,Heat Wave,#c40202,wmo,Heat Wave Three gate County,2024-07-04T02:48:00+00:00,China,0.5889367756014746,0.0,2.0,en,EAS,Asia
'e93ef53431',extremes,Heat Wave,#c40202,wmo,Heat Wave Jinyun County,2024-07-02T02:48:00+00:00,China,0.5886488416380661,0.0,2.0,en,EAS,Asia
'b454ccd412',extremes,Heat Wave,#c40202,wmo,Heat Wave Qujiang District,2024-07-04T02:48:00+00:00,China,0.5885828663609957,0.0,2.0,en,EAS,Asia
'a56a915e50',extremes,Heat Wave,#c40202,wmo,Heat Wave licheng district,2024-07-04T02:48:00+00:00,China,0.5884295287860468,0.0,2.0,en,EAS,Asia
'917360244c',extremes,Wildfire,#d60d2b,esawfa,Bushfire Uganda,2024-07-04T02:48:00+00:00,Uganda,0.5880272821703273,0.0,2.0,en,SEAF,Africa
'270fd2dcd8',extremes,Heat Wave,#c40202,wmo,Heat Wave Longmen County,2024-07-03T02:46:00+00:00,China,0.5877977354011347,0.0,2.0,en,EAS,Asia
'd3403aef1c',extremes,Storm,#b3b2b1,wmo,Storm Surge Shunyi District,2024-07-03T02:46:00+00:00,China,0.5873051067365354,0.0,2.0,en,EAS,Asia
'47b030222a',extremes,Heat Wave,#c40202,wmo,Heat Wave jiangshan city,2024-07-04T02:48:00+00:00,China,0.5870348115346695,0.0,2.0,en,EAS,Asia
'877b8e918c',extremes,Precipitation,#d60d2b,wmo,Precipitation Kemerovo Region,2024-07-04T02:48:00+00:00,Russia,0.5870334097878032,0.0,2.0,en,ESB,Europe
'9090d80969',extremes,Thunderstorm,#53785a,wmo,Hail BALAYAPALLE Mandal.,2024-07-04T02:48:00+00:00,India,0.5864967529441708,0.0,2.0,en,SAS,Asia
'd12b9d3dd3',extremes,Flood,#030ba1,wmo,Flashflood Zhenjiang City,2024-07-03T02:46:00+00:00,China,0.5862124256812079,0.0,2.0,en,EAS,Asia
'2ddc586682',extremes,Heat Wave,#c40202,wmo,Heat Wave Yu Jiang area,2024-07-03T02:46:00+00:00,China,0.5861013137855473,0.0,2.0,en,EAS,Asia
'1429a75ca4',extremes,Heat Wave,#c40202,wmo,Heat Wave Wencheng County,2024-07-03T02:46:00+00:00,China,0.5855897187095904,0.0,2.0,en,EAS,Asia
'0a146e1c20',extremes,Flood,#030ba1,wmo,Flooding Ludian County,2024-07-04T02:48:00+00:00,China,0.5848731522818861,0.0,2.0,en,EAS,Asia
'd47dee24db',extremes,Heat Wave,#c40202,wmo,Heat Wave Keqiao District,2024-07-04T02:48:00+00:00,China,0.5847317992378099,0.0,2.0,en,EAS,Asia
'a0f1157f5a',extremes,Heat Wave,#c40202,wmo,Heat Wave Wuxing District,2024-07-04T02:48:00+00:00,China,0.5839074630445881,0.0,2.0,en,EAS,Asia
'316c1a7868',extremes,Precipitation,#d60d2b,wmo,Downpour Toscana,2024-07-03T02:46:00+00:00,Italy,0.5839056919664886,0.0,2.0,en,MED,Europe
'c18bcf3bb6',extremes,Heat Wave,#c40202,wmo,Heat Wave Heping County,2024-07-03T02:46:00+00:00,China,0.5818944167244304,0.0,2.0,en,EAS,Asia
'e2e50b11a0',extremes,Heat Wave,#c40202,wmo,Heat Wave Shangyu District,2024-07-04T02:48:00+00:00,China,0.5817019837882954,0.0,2.0,en,EAS,Asia
'0aedc3592e',extremes,Heat Wave,#c40202,wmo,Heat Wave Yugan County,2024-07-03T02:46:00+00:00,China,0.5815420384545941,0.0,2.0,en,EAS,Asia
'815bec2def',extremes,Flood,#030ba1,wmo,Flashflood Zhenxiong County,2024-07-04T02:48:00+00:00,China,0.581374825762975,0.0,2.0,en,EAS,Asia
'80f1c3363a',extremes,Heat Wave,#c40202,wmo,Heat Wave Jiangyong County,2024-07-04T02:48:00+00:00,China,0.5813575434402752,0.0,2.0,en,EAS,Asia
'52e0884688',extremes,Heat Wave,#c40202,wmo,Heat Wave Yongkang City,2024-07-04T02:48:00+00:00,China,0.5811964486879987,0.0,2.0,en,EAS,Asia
'bc745d1c8d',extremes,Heat Wave,#c40202,wmo,Heat Wave Chongming District,2024-07-04T02:48:00+00:00,China,0.5811174547655966,0.0,2.0,en,EAS,Asia
'0bd5c023b7',extremes,Heat Wave,#c40202,wmo,Heat Wave Fenghua District,2024-07-04T02:48:00+00:00,China,0.5809943045442891,0.0,2.0,en,EAS,Asia
'10fd2d8d46',extremes,Iceberg,#d60d2b,eonet,Iceberg A81,2023-07-14 00:00:0+00:00,Antarctica,0.5807850607588451,0.0,2.0,en,EAN,Antarctica
'93cb2c4fd9',extremes,Heat Wave,#c40202,wmo,Heat Wave Songjiang District,2024-07-04T02:48:00+00:00,China,0.5802239258716424,0.0,2.0,en,EAS,Asia
'8221d25c05',extremes,Heat Wave,#c40202,wmo,Heat Wave Guangxin Area,2024-07-03T02:46:00+00:00,China,0.579812686246238,0.0,2.0,en,EAS,Asia
'7706ba4ba3',extremes,Heat Wave,#c40202,wmo,Heat Wave Tiantai County,2024-07-03T02:46:00+00:00,China,0.5797447054124631,0.0,2.0,en,EAS,Asia
'8a19553b19',extremes,Heat Wave,#c40202,wmo,Heat Wave Nehe City,2024-07-04T02:48:00+00:00,China,0.5793068062874647,0.0,2.0,en,EAS,Asia
'50d5dbcd04',extremes,Heat Wave,#c40202,wmo,Heat Wave Xiushui County,2024-07-04T02:48:00+00:00,China,0.5793066761722608,0.0,2.0,en,EAS,Asia
'c5f896a632',extremes,Heat Wave,#c40202,wmo,Heat Wave Wuhua County,2024-07-03T02:46:00+00:00,China,0.5789310824069308,0.0,2.0,en,EAS,Asia
'432bab655c',extremes,Wildfire,#d60d2b,eonet,Wildfire United States,2023-07-15T21:51:0+00:00,United States,0.578830215192002,1.0,2.0,en,WNA,North-America
'6571e33c61',extremes,Heat Wave,#c40202,wmo,Heat Wave Tonggu County,2024-07-04T02:48:00+00:00,China,0.5787125737681678,0.0,2.0,en,EAS,Asia
'10b2052e23',extremes,Heat Wave,#c40202,wmo,Heat Wave Haimen District,2024-07-04T02:48:00+00:00,China,0.578536380968125,0.0,2.0,en,EAS,Asia
'3cb143bf40',extremes,Heat Wave,#c40202,wmo,Heat Wave Xingan,2024-07-03T02:46:00+00:00,China,0.5783571805479251,0.0,2.0,en,EAS,Asia
'80d654b0ad',extremes,Iceberg,#d60d2b,eonet,Iceberg A76A,2023-07-28 00:00:0+00:00,Antarctica,0.5781827244949612,1.0,1.0,en,WAN,Antarctica
'ce66cf6eee',extremes,Heat Wave,#c40202,wmo,Heat Wave Rugao,2024-07-04T02:48:00+00:00,China,0.5781740579492873,0.0,2.0,en,EAS,Asia
'e35cae9255',extremes,Flood,#030ba1,wmo,Flashflood Yingjiang County,2024-07-02T02:48:00+00:00,China,0.5777168970162115,0.0,2.0,en,EAS,Asia
'd08a3fa5f0',extremes,Heat Wave,#c40202,wmo,Heat Wave Changxing County,2024-07-04T02:48:00+00:00,China,0.5777098135073357,0.0,2.0,en,EAS,Asia
'fd73d49b77',extremes,Heat Wave,#c40202,wmo,Heat Wave Haizhuqu District,2024-07-03T02:46:00+00:00,China,0.5772400633608344,0.0,2.0,en,EAS,Asia
'64c8b1295a',extremes,Heat Wave,#c40202,wmo,Heat Wave Volgograd Region,2024-07-03T02:46:00+00:00,Russia,0.5771881432892653,0.0,2.0,en,ESB,Europe
'39e6baf9f6',extremes,Heat Wave,#c40202,wmo,Heat Wave Wuyishan City,2024-07-03T02:46:00+00:00,China,0.57656719787908,0.0,2.0,en,EAS,Asia
'3787266bee',extremes,Flood,#030ba1,wmo,Flashflood Cottonwood MN Jackson MN,2024-07-02T02:48:00+00:00,United States,0.5765490760931081,0.0,2.0,en,CNA,North-America
'8cb4ca66f8',extremes,Precipitation,#d60d2b,wmo,Downpour Abruzzo,2024-07-02T02:48:00+00:00,Italy,0.5752572199667586,0.0,2.0,en,MED,Europe
'67787a7552',extremes,Heat Wave,#c40202,wmo,Heat Wave Xunke County,2024-07-03T02:46:00+00:00,China,0.5744746344579986,0.0,2.0,en,EAS,Asia
'684a5fa464',extremes,Heat Wave,#c40202,wmo,Heat Wave songyang county,2024-07-03T02:46:00+00:00,China,0.574189085145192,0.0,2.0,en,EAS,Asia
'4417a1ee52',extremes,Heat Wave,#c40202,wmo,Heat Wave Villuercas y Montánchez,2024-07-03T02:46:00+00:00,Spain,0.5738634259157989,0.0,2.0,en,MED,Europe
'6a5f3de850',extremes,Flood,#030ba1,wmo,Flooding Jackson MO,2024-07-02T02:48:00+00:00,United States,0.5732136896728507,0.0,2.0,en,CNA,North-America
'b5f53238c2',extremes,Heat Wave,#c40202,wmo,Heat Wave Nancheng County,2024-07-03T02:46:00+00:00,China,0.5730145943904711,0.0,2.0,en,EAS,Asia
'aee660031c',extremes,Heat Wave,#c40202,wmo,Heat Wave Pudong New Area,2024-07-04T02:48:00+00:00,China,0.5729826478257994,0.0,2.0,en,EAS,Asia
'e01c352908',extremes,Heat Wave,#c40202,wmo,Heat Wave Taining County,2024-07-04T02:48:00+00:00,China,0.572928337383106,0.0,2.0,en,EAS,Asia
'dd64234f50',extremes,Precipitation,#d60d2b,wmo,Precipitation Pomorskie Province Bytowski County,2024-07-02T02:48:00+00:00,Poland,0.5727922762961621,0.0,2.0,en,WCE,Europe
'1043e895af',extremes,Heat Wave,#c40202,wmo,Heat Wave Zixi County,2024-07-02T02:48:00+00:00,China,0.5723758275064942,0.0,2.0,en,EAS,Asia
'77169bc413',extremes,Precipitation,#d60d2b,wmo,Downpour Beograd,2024-07-02T02:48:00+00:00,Serbia,0.572324691015699,0.0,2.0,en,MED,Europe
'8ac062aaf2',extremes,Heat Wave,#c40202,wmo,Heat Wave Fengxian District,2024-07-03T02:46:00+00:00,China,0.5721078443832713,0.0,2.0,en,EAS,Asia
'c86fa0e9fa',extremes,Tropical Cyclone,#4f4f4f,eonet,Tropical Storm Don,2023-07-14T09:00:0+00:00,,0.5714561294860638,1.0,3.0,en,NAO,Atlantic Ocean
'dcf06289c3',extremes,Heat Wave,#c40202,wmo,Heat Wave Deqing County,2024-07-04T02:48:00+00:00,China,0.5712614612728036,0.0,2.0,en,EAS,Asia
'6f3ec05146',extremes,Heat Wave,#c40202,wmo,Heat Wave Lishui District,2024-07-04T02:48:00+00:00,China,0.571037782891893,0.0,2.0,en,EAS,Asia
'8d048d48b4',extremes,Heat Wave,#c40202,wmo,Heat Wave Left,2024-07-04T02:48:00+00:00,China,0.5703401139648515,0.0,2.0,en,EAS,Asia
'375aaac3db',extremes,Heat Wave,#c40202,wmo,Heat Wave Zhenghe County,2024-07-04T02:48:00+00:00,China,0.5698221944262335,0.0,2.0,en,EAS,Asia
'0d0d57d783',extremes,Wildfire,#d60d2b,fema,Wildfire Washington,2024-06-30T02:50:00+00:00,United States,0.5697295114257106,1.0,3.0,en,WNA,North-America
'40c868d9e8',extremes,Flood,#030ba1,wmo,Flood Frontier NE Lincoln NE,2024-07-04T02:48:00+00:00,United States,0.5694734764205573,0.0,2.0,en,CNA,North-America
'82cce6e437',extremes,Heat Wave,#c40202,wmo,Heat Wave Xinchang County,2024-07-04T02:48:00+00:00,China,0.5691133819357219,0.0,2.0,en,EAS,Asia
'fba13990b9',extremes,Heat Wave,#c40202,wmo,Heat Wave Nanchang County,2024-07-04T02:48:00+00:00,China,0.5688037417124868,0.0,2.0,en,EAS,Asia
'f5775d3d49',extremes,Heat Wave,#c40202,wmo,Heat Wave Wan County,2024-07-04T02:48:00+00:00,China,0.568783206164828,0.0,2.0,en,EAS,Asia
'6f898557e5',extremes,Heat Wave,#c40202,wmo,Heat Wave Ningguo City,2024-07-04T02:48:00+00:00,China,0.5687096369764988,0.0,2.0,en,EAS,Asia
'87e97780ae',extremes,Heat Wave,#c40202,wmo,Heat Wave Genhe,2024-07-04T02:48:00+00:00,China,0.5686130324514566,0.0,2.0,en,EAS,Asia
'bc97500599',extremes,Precipitation,#d60d2b,wmo,Rain Jugozapadna Srbija,2024-07-02T02:48:00+00:00,Serbia,0.5684553785991763,0.0,2.0,en,MED,Europe
'860582206e',extremes,Heat Wave,#c40202,wmo,Heat Wave Huangyan District,2024-07-03T02:46:00+00:00,China,0.567335069810596,0.0,2.0,en,EAS,Asia
'6c8bfa78fe',extremes,Heat Wave,#c40202,wmo,Heat Wave Shanggaocounty,2024-07-04T02:48:00+00:00,China,0.567284424023295,0.0,2.0,en,EAS,Asia
'4a088586e3',extremes,Thunderstorm,#53785a,wmo,Hail Dawes NE,2024-07-04T02:48:00+00:00,United States,0.5671722596659342,0.0,2.0,en,CNA,North-America
'156ff65b8c',extremes,Heat Wave,#c40202,wmo,Heat Wave Shengzhou City,2024-07-04T02:48:00+00:00,China,0.5669212531683103,0.0,2.0,en,EAS,Asia
'03fcade9a2',extremes,Heat Wave,#c40202,wmo,Heat Wave Qianshan County,2024-07-04T02:48:00+00:00,China,0.566907106837597,0.0,2.0,en,EAS,Asia
'dbba867650',extremes,Heat Wave,#c40202,wmo,Heat Wave Wuyuan County,2024-07-04T02:48:00+00:00,China,0.5666526800496389,0.0,2.0,en,EAS,Asia
'd82c42d907',extremes,Heat Wave,#c40202,wmo,Heat Wave Wanzai County,2024-07-04T02:48:00+00:00,China,0.5658006008651039,0.0,2.0,en,EAS,Asia
'c573f1cf9b',extremes,Heat Wave,#c40202,wmo,Heat Wave Tunxi District,2024-07-04T02:48:00+00:00,China,0.5657096243512908,0.0,2.0,en,EAS,Asia
'ea1ceefbe4',extremes,Heat Wave,#c40202,wmo,Heat Wave Leiyang City,2024-07-04T02:48:00+00:00,China,0.5656473028588258,0.0,2.0,en,EAS,Asia
'ae2a354c81',extremes,Precipitation,#d60d2b,wmo,Rain Toscana,2024-07-02T02:48:00+00:00,Italy,0.5654936227096821,0.0,2.0,en,MED,Europe
'c956d074ba',extremes,Heat Wave,#c40202,wmo,Heat Wave Oroqen Autonomous Banner,2024-07-04T02:48:00+00:00,China,0.5654722336225477,0.0,2.0,en,EAS,Asia
'd42c9a1f95',extremes,Precipitation,#d60d2b,wmo,Rain Republic of Buryatia,2024-07-04T02:48:00+00:00,Russia,0.5650219390318,0.0,2.0,en,ESB,Europe
'9028fb8e99',extremes,Storm,#b3b2b1,meteo,Coastal Event Syria,2024-07-03T02:46:00+00:00,Syria,0.5641727338395366,0.0,2.0,en,MED,Asia
'fb5e937a26',extremes,Heat Wave,#c40202,wmo,Heat Wave Lianhua County,2024-07-04T02:48:00+00:00,China,0.5637196655708138,0.0,2.0,en,EAS,Asia
'3dbb693e01',extremes,Flood,#030ba1,wmo,Flashflood Shwegu,2024-07-02T02:48:00+00:00,Myanmar,0.5634503280471477,0.0,2.0,en,SAS,Asia
'89cd0748e9',extremes,Precipitation,#d60d2b,wmo,Rain Friuli Venezia Giulia,2024-07-02T02:48:00+00:00,Italy,0.56336807619725,0.0,2.0,en,MED,Europe
'e0b69cfcf2',extremes,Heat Wave,#c40202,wmo,Heat Wave Tianyuan District,2024-07-04T02:48:00+00:00,China,0.5628580627796861,0.0,2.0,en,EAS,Asia
'07a2703f07',extremes,Heat Wave,#c40202,wmo,Heat Wave Jiexi County,2024-07-03T02:46:00+00:00,China,0.5627665131085124,0.0,2.0,en,EAS,Asia
'6fbd55cdd8',extremes,Flood,#030ba1,wmo,Flashflood Katha,2024-07-02T02:48:00+00:00,Myanmar,0.5625878001413092,0.0,2.0,en,SAS,Asia
'd5445b4912',extremes,Earthquake,#870007,usgs,Earthquake North Pacific Ocean,2024-07-03T02:46:00+00:00,,0.5618384952468741,0.0,2.0,en,NPO,Pacific Ocean
'68af8fd2ee',extremes,Heat Wave,#c40202,wmo,Heat Wave Dexing,2024-07-04T02:48:00+00:00,China,0.5617974907213428,0.0,2.0,en,EAS,Asia
'541f3fa0f3',extremes,Storm,#b3b2b1,wmo,Storm Cross Sound,2024-07-02T02:48:00+00:00,United States,0.5616891158130861,1.0,3.0,en,CNA,North-America
'40e60b2832',extremes,Heat Wave,#c40202,wmo,Heat Wave Lanshan County,2024-07-04T02:48:00+00:00,China,0.5614722266871894,0.0,2.0,en,EAS,Asia
'e5980fbe44',extremes,Storm,#b3b2b1,wmo,Storm Xianfeng County,2024-07-02T02:48:00+00:00,China,0.5613676749618017,0.0,2.0,en,EAS,Asia
'8450b3a3c6',extremes,Heat Wave,#c40202,wmo,Heat Wave Fanchang County,2024-07-04T02:48:00+00:00,China,0.5611645939439655,0.0,2.0,en,EAS,Asia
'85cd652b4a',extremes,Storm,#b3b2b1,wmo,Storm shayang county,2024-07-02T02:48:00+00:00,China,0.5606850953517591,0.0,2.0,en,EAS,Asia
'2b2b5caf90',extremes,Storm,#b3b2b1,wmo,Storm Surge Jingxi City,2024-07-02T02:48:00+00:00,China,0.560674946199856,0.0,2.0,en,EAS,Asia
'1f2e8beb0f',extremes,Heat Wave,#c40202,wmo,Heat Wave Lengshuitan District,2024-07-04T02:48:00+00:00,China,0.5594445802231406,0.0,2.0,en,EAS,Asia
'bd9a41fd6e',extremes,Heat Wave,#c40202,wmo,Heat Wave Jingan County,2024-07-04T02:48:00+00:00,China,0.5591828961827164,0.0,2.0,en,EAS,Asia
'438b3da0a1',extremes,Heat Wave,#c40202,wmo,Heat Wave Zhenjiang City,2024-07-04T02:48:00+00:00,China,0.5589760826967108,0.0,2.0,en,EAS,Asia
'0a142d7af4',extremes,Heat Wave,#c40202,wmo,Heat Wave fuding,2024-07-04T02:48:00+00:00,China,0.5587604405780939,0.0,2.0,en,EAS,Asia
'5599b2675f',extremes,Heat Wave,#c40202,wmo,Heat Wave Jingjiang City,2024-07-04T02:48:00+00:00,China,0.5584060993305656,0.0,2.0,en,EAS,Asia
'750095b0a4',extremes,Heat Wave,#c40202,wmo,Heat Wave Yifeng County,2024-07-04T02:48:00+00:00,China,0.558073731244611,0.0,2.0,en,EAS,Asia
'dab25e655e',extremes,Heat Wave,#c40202,wmo,Heat Wave Xiangshan County,2024-07-04T02:48:00+00:00,China,0.5578913389733317,0.0,2.0,en,EAS,Asia
'4a39a8cd5f',extremes,Flood,#030ba1,wmo,Flashflood Butler NE Polk NE Seward NE,2024-07-03T02:46:00+00:00,United States,0.5571880569475132,0.0,2.0,en,CNA,North-America
'1242141ffd',extremes,Heat Wave,#c40202,wmo,Heat Wave Dapu County,2024-07-03T02:46:00+00:00,China,0.5568862179525992,0.0,2.0,en,EAS,Asia
'dee0542cf5',extremes,Heat Wave,#c40202,wmo,Heat Wave Linwu County,2024-07-04T02:48:00+00:00,China,0.555921892473877,0.0,2.0,en,EAS,Asia
'b5c7ca31c8',extremes,Heat Wave,#c40202,wmo,Heat Wave Lukou District,2024-07-04T02:48:00+00:00,China,0.5559074964875269,0.0,2.0,en,EAS,Asia
'6d76f0e7a1',extremes,Heat Wave,#c40202,wmo,Heat Wave Poyang County,2024-07-04T02:48:00+00:00,China,0.5556971717985117,0.0,2.0,en,EAS,Asia
'deb2bdb8e6',extremes,Storm,#b3b2b1,wmo,Storm huaiyin district,2024-07-02T02:48:00+00:00,China,0.5556758923378985,0.0,2.0,en,EAS,Asia
'0f46f99e6e',extremes,Storm,#b3b2b1,eonet,Cyclone Calvin,2023-07-12T06:00:0+00:00,,0.5554439732983016,1.0,2.0,en,NPO,Pacific Ocean
'09a0433307',extremes,Heat Wave,#c40202,wmo,Heat Wave Haifeng County,2024-07-03T02:46:00+00:00,China,0.5549636903058304,0.0,2.0,en,EAS,Asia
'4f9e4b73ac',extremes,Thunderstorm,#53785a,wmo,Severe Weather Mogilev Region,2024-07-03T02:46:00+00:00,Belarus,0.5544269579732993,0.0,2.0,en,WCE,Europe
'b4faaaa5e4',extremes,Heat Wave,#c40202,wmo,Heat Wave Hai an City,2024-07-04T02:48:00+00:00,China,0.5543861838967308,0.0,2.0,en,EAS,Asia
'57d748873a',extremes,Precipitation,#d60d2b,wmo,Rain Trentino Alto Adige,2024-07-03T02:46:00+00:00,Italy,0.5540269250439983,0.0,2.0,en,MED,Europe
'87db1e00fe',extremes,Heat Wave,#c40202,wmo,Heat Wave Chenghai District,2024-07-03T02:46:00+00:00,China,0.5537193549886978,0.0,2.0,en,EAS,Asia
'05c7c6c3f2',extremes,Storm,#b3b2b1,wmo,Storm Ganxian,2024-07-02T02:48:00+00:00,China,0.553165530529226,0.0,2.0,en,EAS,Asia
'6b7573b7e1',extremes,Storm,#b3b2b1,wmo,Storm Surge Yangxin County,2024-07-02T02:48:00+00:00,China,0.5523390199431032,0.0,2.0,en,EAS,Asia
'2d3972c453',extremes,Storm,#b3b2b1,wmo,Storm Surge Changji City,2024-07-02T02:48:00+00:00,China,0.5521716028765477,0.0,2.0,en,EAS,Asia
'4c5d3dd5d2',extremes,Heat Wave,#c40202,wmo,Heat Wave Conghua District,2024-07-03T02:46:00+00:00,China,0.5509014465262514,0.0,2.0,en,EAS,Asia
'f5c7faea76',extremes,Storm,#b3b2b1,wmo,Storm Surge Huarong District,2024-07-02T02:48:00+00:00,China,0.5506653363238828,0.0,2.0,en,EAS,Asia
'55bbd85962',extremes,Heat Wave,#c40202,wmo,Heat Wave Zongyang County,2024-07-04T02:48:00+00:00,China,0.548521305978227,0.0,2.0,en,EAS,Asia
'ca25713257',extremes,Volcano,#b83202,eonet,"Etna Volcano, Italy",2023-07-12T00:00:0+00:00,Italy,0.5469630943334294,1.0,2.0,en,MED,Europe
'4a781550dc',extremes,Iceberg,#d60d2b,eonet,Iceberg B39,2023-07-28 00:00:0+00:00,,0.546510925269846,1.0,1.0,en,EAN,
'353f7ed584',extremes,Heat Wave,#c40202,wmo,Heat Wave Yixing City,2024-07-04T02:48:00+00:00,China,0.5460254128108514,0.0,2.0,en,EAS,Asia
'a20fee491c',extremes,Flood,#030ba1,wmo,Flashflood Aube Marne Meuse Vosges,2024-07-03T02:46:00+00:00,France,0.5457026485114985,0.0,2.0,en,WCE,Europe
'67b4ab51c7',extremes,Heat Wave,#c40202,wmo,Heat Wave jurong,2024-07-04T02:48:00+00:00,China,0.5446872045965234,0.0,2.0,en,EAS,Asia
'c2283fb2ca',extremes,Storm,#b3b2b1,wmo,Storm Surge Dechang County,2024-07-04T02:48:00+00:00,China,0.5427359240612143,0.0,2.0,en,EAS,Asia
'5372326770',extremes,Storm,#b3b2b1,wmo,Storm Surge Mianning County,2024-07-04T02:48:00+00:00,China,0.5425482230507622,0.0,2.0,en,EAS,Asia
'83825a8c5c',extremes,Earthquake,#870007,usgs,Earthquake Vancouver Island Canada region,2024-07-04T02:47:00+00:00,,0.5425222390290078,0.0,2.0,en,NPO,Pacific Ocean
'c3ea46ec2d',extremes,Flood,#030ba1,wmo,Flooding Dona Ana NM El Paso TX,2024-07-03T02:46:00+00:00,United States,0.5420833822945132,0.0,2.0,en,CNA,North-America
'57d09b49bb',extremes,Flood,#030ba1,wmo,Flooding Perry IN Hancock KY,2024-07-04T02:48:00+00:00,United States,0.5418050631447945,0.0,2.0,en,CNA,North-America
'157549e3d2',extremes,Heat Wave,#c40202,wmo,Heat Wave Wuning County,2024-07-04T02:48:00+00:00,China,0.5411101352546321,0.0,2.0,en,EAS,Asia
'820e466781',extremes,Heat Wave,#c40202,wmo,Heat Wave Danyang City,2024-07-04T02:48:00+00:00,China,0.5408962570565066,0.0,2.0,en,EAS,Asia
'f07246dba5',extremes,Storm,#b3b2b1,wmo,Storm Wulian County,2024-07-04T02:48:00+00:00,China,0.5389339031141404,0.0,2.0,en,EAS,Asia
'f5922d7aaa',extremes,Storm,#b3b2b1,wmo,Storm Surge Meixian,2024-07-03T02:46:00+00:00,China,0.5372859641991978,0.0,2.0,en,EAS,Asia
'8a8c21999b',extremes,Flood,#030ba1,wmo,Flood Decatur GA,2024-07-04T02:48:00+00:00,United States,0.5370780911546352,0.0,2.0,en,CNA,North-America
'6abddd19f5',extremes,Precipitation,#d60d2b,wmo,Downpour Namchi district of Sikkim,2024-07-03T02:46:00+00:00,India,0.5370778133397616,0.0,2.0,en,SAS,Asia
'41610614e0',extremes,Flood,#030ba1,wmo,Flooding Major OK Woods OK Woodward OK,2024-07-04T02:48:00+00:00,United States,0.5365729584481564,0.0,2.0,en,CNA,North-America
'679226f56b',extremes,Tropical Cyclone,#4f4f4f,nasaEonet,Tropical Storm Calvin,2023-07-12T06:00:0+00:00,,0.5355574358167123,1.0,2.0,en,NPO,
'071736df06',extremes,Flood,#030ba1,wmo,Flashflood Kit Carson CO,2024-07-04T02:48:00+00:00,United States,0.5354970277328104,0.0,2.0,en,CNA,North-America
'6e6205e5ed',extremes,Flood,#030ba1,wmo,Flashflood South Central Mountains,2024-07-03T02:46:00+00:00,United States,0.5352139971713292,0.0,2.0,en,CNA,North-America
'1b0b2b85c7',extremes,Storm,#b3b2b1,wmo,Storm Queshan County,2024-07-04T02:48:00+00:00,China,0.535005387106921,0.0,2.0,en,EAS,Asia
'f589dd1612',extremes,Storm,#b3b2b1,wmo,Storm Tokson County,2024-07-03T02:46:00+00:00,China,0.5349735685664443,0.0,2.0,en,EAS,Asia
'd1008eb059',extremes,Storm,#b3b2b1,wmo,Storm Surge Xingan,2024-07-03T02:46:00+00:00,China,0.5346068197833246,0.0,2.0,en,EAS,Asia
'5b5e54e2c4',extremes,Tropical Cyclone,#4f4f4f,eonet,Hurricane Fernanda,2023-08-13T00:00:0+00:00,,0.5341032583127427,0.0,2.0,en,NPO,Pacific Ocean
'74969a4f58',extremes,Precipitation,#d60d2b,wmo,Precipitation almora bageshwar nainital,2024-07-04T02:48:00+00:00,India,0.5336106793876182,0.0,2.0,en,SAS,Asia
'0882887462',extremes,Storm,#b3b2b1,wmo,Storm Surge Liuba County,2024-07-03T02:46:00+00:00,China,0.5319591526743427,0.0,2.0,en,EAS,Asia
'008498751b',extremes,Storm,#b3b2b1,wmo,Storm Surge Lichuan city,2024-07-04T02:48:00+00:00,China,0.5310296497109186,0.0,2.0,en,EAS,Asia
'1659927d12',extremes,Storm,#b3b2b1,wmo,Storm Surge Surabaya County,2024-07-04T02:48:00+00:00,China,0.5309743870188401,0.0,2.0,en,EAS,Asia
'9b2cacae09',extremes,Storm,#b3b2b1,wmo,Storm Surge Zhenping county,2024-07-04T02:48:00+00:00,China,0.5306517296836787,0.0,2.0,en,EAS,Asia
'dba722039e',extremes,Storm,#b3b2b1,wmo,Storm Surge xingping,2024-07-03T02:46:00+00:00,China,0.5301237215197753,0.0,2.0,en,EAS,Asia
'4db77f7d75',extremes,Storm,#b3b2b1,wmo,Storm Yongcheng,2024-07-04T02:48:00+00:00,China,0.5297876654584571,0.0,2.0,en,EAS,Asia
'a8af9f5aa2',extremes,Storm,#b3b2b1,wmo,Storm Surge Ningqiang County,2024-07-03T02:46:00+00:00,China,0.5296536637759108,0.0,2.0,en,EAS,Asia
'4e7271cd6b',extremes,Earthquake,#870007,usgs,Earthquake Santa Monica,2024-07-04T02:47:00+00:00,Philippines,0.5292247422605605,0.0,2.0,en,SEA,Asia
'005bb9fe0b',extremes,Storm,#b3b2b1,wmo,Storm Tex County,2024-07-03T02:46:00+00:00,China,0.5287487036939873,0.0,2.0,en,EAS,Asia
'489db03a9c',extremes,Storm,#b3b2b1,eonet,Typhoon Talim,2023-07-15T00:00:0+00:00,,0.5287367751116092,1.0,3.0,en,SEA,
'fc6378080b',extremes,Precipitation,#d60d2b,wmo,Rain chamoli haridwar pauri tehri,2024-07-04T02:48:00+00:00,India,0.5285575289601816,0.0,2.0,en,SAS,Asia
'5bb29e93e1',extremes,Storm,#b3b2b1,wmo,Storm Ningqiang County,2024-07-03T02:46:00+00:00,China,0.5283843409535802,0.0,2.0,en,EAS,Asia
'82c2f9a8b1',extremes,Thunderstorm,#53785a,wmo,Thunderstorm Kriti,2024-07-04T02:48:00+00:00,Greece,0.5282057132615037,0.0,2.0,en,MED,Europe
'4b465b4a3e',extremes,Storm,#b3b2b1,wmo,Storm Surge Jimo City,2024-07-03T02:46:00+00:00,China,0.5277733991701978,0.0,2.0,en,EAS,Asia
'c79db0f287',extremes,Storm,#b3b2b1,wmo,Storm Surge Donghai County,2024-07-03T02:46:00+00:00,China,0.5255675410361722,0.0,2.0,en,EAS,Asia
'68d56f1ff1',extremes,Storm,#b3b2b1,wmo,Storm zhumadian,2024-07-04T02:48:00+00:00,China,0.5255089583966178,0.0,2.0,en,EAS,Asia
'fbaa2e19e6',extremes,Thunderstorm,#53785a,wmo,Thunderstorm Tver Region,2024-07-04T02:48:00+00:00,Russian Federation,0.5253068484430322,0.0,2.0,en,ESB,Europe
'ca4f63b93e',extremes,Storm,#b3b2b1,wmo,Storm Dongfeng County,2024-07-03T02:46:00+00:00,China,0.5247929423961177,0.0,2.0,en,EAS,Asia
'943904d7b6',extremes,Storm,#b3b2b1,wmo,Storm Yu Jiang area,2024-07-03T02:46:00+00:00,China,0.5243193950447016,0.0,2.0,en,EAS,Asia
'1038ac3f79',extremes,Storm,#b3b2b1,wmo,Storm Jintai,2024-07-03T02:46:00+00:00,China,0.5237481995883181,0.0,2.0,en,EAS,Asia
'c498656a76',extremes,Storm,#b3b2b1,wmo,Storm Surge Luzhai County,2024-07-03T02:46:00+00:00,China,0.5232044567953383,0.0,2.0,en,EAS,Asia
'ac2fa82132',extremes,Storm,#b3b2b1,eonet,Typhoon Lan,2023-08-08T06:00:0+00:00,,0.522955266356004,0.0,2.0,en,NPO,Pacific Ocean
'b0dc5bdb82',extremes,Storm,#b3b2b1,wmo,Storm Jinsha County,2024-07-04T02:48:00+00:00,China,0.5224730910705724,0.0,2.0,en,EAS,Asia
'cb0d3ccd64',extremes,Storm,#b3b2b1,wmo,Storm Surge Publishing Area,2024-07-03T02:46:00+00:00,China,0.5219895416647993,0.0,2.0,en,EAS,Asia
'019db37492',extremes,Storm,#b3b2b1,wmo,Storm Huangdao District,2024-07-03T02:46:00+00:00,China,0.520962126662106,0.0,2.0,en,EAS,Asia
'064c188c2e',extremes,Storm,#b3b2b1,wmo,Storm Xian,2024-07-03T02:46:00+00:00,China,0.5207668391588177,0.0,2.0,en,EAS,Asia
'b1e38b6328',extremes,Storm,#b3b2b1,wmo,Storm Surge Chongyi County,2024-07-03T02:46:00+00:00,China,0.5202278169100639,0.0,2.0,en,EAS,Asia
'a9bdcd2eaa',extremes,Storm,#b3b2b1,wmo,Storm Surge Miyi County,2024-07-04T02:48:00+00:00,China,0.5198105310409582,0.0,2.0,en,EAS,Asia
'fe47de2921',extremes,Storm,#b3b2b1,wmo,Storm Surge Xinyang City,2024-07-04T02:48:00+00:00,China,0.5195022851277664,0.0,2.0,en,EAS,Asia
'27344a8eec',extremes,Storm,#b3b2b1,wmo,Storm Jiutai District,2024-07-03T02:46:00+00:00,China,0.5194479265071928,0.0,2.0,en,EAS,Asia
'bdf488b82d',extremes,Storm,#b3b2b1,wmo,Storm Surge chengyang district,2024-07-04T02:48:00+00:00,China,0.5194057846756069,0.0,2.0,en,EAS,Asia
'9e7a088f4e',extremes,Storm,#b3b2b1,wmo,Storm Dongliao County,2024-07-03T02:46:00+00:00,China,0.5193760581147732,0.0,2.0,en,EAS,Asia
'6f0b184db1',extremes,Storm,#b3b2b1,eonet,Typhoon Khanun,2023-07-28T06:00:0+00:00,,0.519244777322022,0.0,2.0,en,NPO,Pacific Ocean
'541bb60c8a',extremes,Tropical Cyclone,#4f4f4f,eonet,Hurricane Dora,2023-08-01T06:00:0+00:00,,0.5191717328977616,1.0,2.0,en,,
'038d2bab69',extremes,Storm,#b3b2b1,wmo,Storm Xunwu County,2024-07-03T02:46:00+00:00,China,0.5190261416402306,0.0,2.0,en,EAS,Asia
'4870ca5e55',extremes,Storm,#b3b2b1,wmo,Storm Surge Wuyang County,2024-07-04T02:48:00+00:00,China,0.5190172122866326,0.0,2.0,en,EAS,Asia
'db207fa341',extremes,Storm,#b3b2b1,wmo,Storm Surge Shenqiu County,2024-07-04T02:48:00+00:00,China,0.518863435989456,0.0,2.0,en,EAS,Asia
'3303c8a788',extremes,Storm,#b3b2b1,wmo,Storm Surge New Fengxian County,2024-07-03T02:46:00+00:00,China,0.5186763488850373,0.0,2.0,en,EAS,Asia
'137033c113',extremes,Storm,#b3b2b1,eonet,Subtropical Storm Don,2023-07-14T09:00:0+00:00,Iran,0.5185950789195116,1.0,2.0,en,WCA,Asia
'1c342bd7cc',extremes,Storm,#b3b2b1,wmo,Storm Longling County,2024-07-04T02:48:00+00:00,China,0.5183778022623662,0.0,2.0,en,EAS,Asia
'914f787511',extremes,Storm,#b3b2b1,wmo,Storm Jiuzhaigou County,2024-07-04T02:48:00+00:00,China,0.5157599347465088,0.0,2.0,en,EAS,Asia
'3e96f366a7',extremes,Storm,#b3b2b1,wmo,Storm Jinta County,2024-07-03T02:46:00+00:00,China,0.5148105994494111,0.0,2.0,en,EAS,Asia
'ecf31aa02a',extremes,Storm,#b3b2b1,wmo,Storm Dandong City,2024-07-03T02:46:00+00:00,China,0.5137145452559909,0.0,2.0,en,EAS,Asia
'88d0b1f0e4',extremes,Storm,#b3b2b1,wmo,Storm Liaoyang City,2024-07-03T02:46:00+00:00,China,0.5132485006113295,0.0,2.0,en,EAS,Asia
'b91102a0bb',extremes,Storm,#b3b2b1,wmo,Storm Surge Yunzhou District,2024-07-03T02:46:00+00:00,China,0.5128379921927999,0.0,2.0,en,EAS,Asia
'bb02b02015',extremes,Storm,#b3b2b1,wmo,Storm Surge Longli County,2024-07-04T02:48:00+00:00,China,0.5127546055334473,0.0,2.0,en,EAS,Asia
'52ac1c1c74',extremes,Storm,#b3b2b1,wmo,Storm Jimo City,2024-07-04T02:48:00+00:00,China,0.512492356056628,0.0,2.0,en,EAS,Asia
'720797dc0e',extremes,Storm,#b3b2b1,wmo,Storm Surge yingjiang district,2024-07-04T02:48:00+00:00,China,0.5119678869850435,0.0,2.0,en,EAS,Asia
'b9c4cab41d',extremes,Storm,#b3b2b1,wmo,Storm Pizhou,2024-07-04T02:48:00+00:00,China,0.5112904915365657,0.0,2.0,en,EAS,Asia
'956ca2c163',extremes,Storm,#b3b2b1,wmo,Storm Tongzi County,2024-07-03T02:46:00+00:00,China,0.5106444059700371,0.0,2.0,en,EAS,Asia
'7e86809b91',extremes,Storm,#b3b2b1,wmo,Storm Yongchang County,2024-07-04T02:48:00+00:00,China,0.5093393261330942,0.0,2.0,en,EAS,Asia
'052bb7b2a4',extremes,Storm,#b3b2b1,wmo,Storm Zhengyang County,2024-07-04T02:48:00+00:00,China,0.5084558382711206,0.0,2.0,en,EAS,Asia
'ae385af365',extremes,Storm,#b3b2b1,wmo,Storm Surge Xiayi County,2024-07-04T02:48:00+00:00,China,0.5079698649995283,0.0,2.0,en,EAS,Asia
'dcad16ff7e',extremes,Thunderstorm,#53785a,wmo,Hail Chechen Republic,2024-07-03T02:46:00+00:00,Russian Federation,0.507328883500903,0.0,2.0,en,ESB,Europe
'3a7dccb278',extremes,Storm,#b3b2b1,wmo,Storm Surge No town,2024-07-04T02:48:00+00:00,China,0.5065961975600523,0.0,2.0,en,EAS,Asia
'a14dede632',extremes,Storm,#b3b2b1,wmo,Storm Baode County,2024-07-03T02:46:00+00:00,China,0.5061328796330955,0.0,2.0,en,EAS,Asia
'ea92fd78d6',extremes,Drought,#edc291,emdat,Drought Andalusia,2023-04-31T12:00:00+00:00,Spain,0.505915894479971,0.0,2.0,en,MED,Europe
'6c381aba12',extremes,Storm,#b3b2b1,wmo,Storm Guiyang City,2024-07-03T02:46:00+00:00,China,0.5054492682635967,0.0,2.0,en,EAS,Asia
'b83fefb90d',extremes,Storm,#b3b2b1,wmo,Storm Surge Guiyang City,2024-07-04T02:48:00+00:00,China,0.5050544190315813,0.0,2.0,en,EAS,Asia
'18c31da948',extremes,Earthquake,#870007,usgs,Earthquake Moíres,2024-07-03T02:46:00+00:00,Greece,0.5037312243420885,0.0,2.0,en,MED,Europe
'0483a2af45',extremes,Storm,#b3b2b1,eonet,Hurricane Calvin,2023-07-12T06:00:0+00:00,,0.5036316766756561,1.0,2.0,en,NPO,Pacific Ocean
'93852bdbc8',extremes,Wildfire,#d60d2b,eonet,Flat Fire Information,2023-07-15T21:51:0+00:00,United States,0.5030971187969461,1.0,3.0,en,WNA,
'fcf08afc67',extremes,Iceberg,#d60d2b,eonet,Iceberg A80A,2023-07-28 00:00:0+00:00,Antarctica,0.5024556401374385,1.0,1.0,en,WAN,Antarctica
'023898125a',extremes,Precipitation,#d60d2b,wmo,Torrential Rain Chaoyang District,2024-07-03T02:46:00+00:00,China,0.5018704357202529,0.0,2.0,en,EAS,Asia
'ee371032d3',extremes,Thunderstorm,#53785a,wmo,Thunderstorm Campania,2024-07-03T02:46:00+00:00,Italy,0.5013730361817469,0.0,2.0,en,MED,Europe
'9ee183320e',extremes,Iceberg,#d60d2b,eonet,Iceberg B47,2023-07-07 00:00:0+00:00,Antarctica,0.5011576343212304,1.0,1.0,en,WAN,Antarctica
'5d5d5f6ffd',extremes,Precipitation,#d60d2b,wmo,Downpour PB HR for Haryana,2024-07-03T02:46:00+00:00,India,0.500581922834421,0.0,2.0,en,SAS,Asia
'ad95215c89',extremes,Iceberg,#d60d2b,eonet,Iceberg B22A,2023-07-28 00:00:0+00:00,Antarctica,0.5005208871718401,1.0,1.0,en,WAN,Antarctica
'a895486f9e',extremes,Wildfire,#d60d2b,eonet,Flat Fire Information,2023-07-15T21:51:0+00:00,United States,0.4985187835554883,1.0,2.0,en,WNA,North-America
'c67bdf257b',extremes,Thunderstorm,#53785a,eswd,Lightning Turkey,2024-07-04T02:48:00+00:00,Turkey,0.4975753992355888,0.0,2.0,en,MED,Asia
'06798a0667',extremes,Earthquake,#870007,usgs,Earthquake Tofino,2024-07-04T02:47:00+00:00,Canada,0.4970411410827197,0.0,2.0,en,WNA,North-America
'ef05bae7e9',extremes,Storm,#b3b2b1,wmo,Storm Datonghu District,2024-07-04T02:48:00+00:00,China,0.4969077834386731,0.0,2.0,en,EAS,Asia
'0b8f5a0e51',extremes,Iceberg,#d60d2b,eonet,Iceberg Antarctica,2023-07-14 00:00:0+00:00,Antarctica,0.4963899256160946,1.0,2.0,en,EAN,Antarctica
'b677abdcb3',extremes,Storm,#b3b2b1,wmo,Storm Surge Mengcheng County,2024-07-04T02:48:00+00:00,China,0.4963575144687198,0.0,2.0,en,EAS,Asia
'461a0e3705',extremes,Iceberg,#d60d2b,eonet,Iceberg A77,2023-07-14 00:00:0+00:00,Antarctica,0.4958263813435012,2.0,1.0,en,EAN,Antarctica
'1e140c17e4',extremes,Storm,#b3b2b1,wmo,Storm Surge Zongyang County,2024-07-04T02:48:00+00:00,China,0.4950272400743919,0.0,2.0,en,EAS,Asia
'3ec1e96fa9',extremes,Storm,#b3b2b1,wmo,Storm Surge Nanfeng County,2024-07-04T02:48:00+00:00,China,0.4941864189958835,0.0,2.0,en,EAS,Asia
'8d17b66b11',extremes,Storm,#b3b2b1,wmo,Storm Shibing County,2024-07-04T02:48:00+00:00,China,0.4934143497084228,0.0,2.0,en,EAS,Asia
'9854c5718a',extremes,Wild Fire,#d60d2b,eonet,Flat Fire Information,2023-07-15T21:51:0+00:00,United States,0.4911943053951192,1.0,2.0,en,WNA,
'8527486d13',extremes,Volcano,#b83202,eonet,Volcano Russia,2023-07-06T00:00:0+00:00,Russia,0.4910459001669933,1.0,2.0,en,RFE,Europe
'1a4476b282',extremes,Precipitation,#d60d2b,wmo,Rain laohekou,2024-07-04T02:48:00+00:00,China,0.490599284604457,0.0,2.0,en,EAS,Asia
'97ee8255bb',extremes,Volcano,#b83202,eonet,Volcano Papua New Guinea,2023-07-07T08:13:5+00:00,Papua New Guinea,0.4904840024665515,1.0,2.0,en,EPO,Oceania
'b07be83393',extremes,Volcano,#b83202,eonet,"Bagana Volcano, Papua New Guinea",2023-07-07T08:13:5+00:00,Papua New Guinea,0.4901082630578673,1.0,1.0,en,EPO,Oceania
'f99f8c00a7',extremes,Volcano,#b83202,eonet,"Nishinoshima Volcano, Japan",2023-07-09T00:00:0+00:00,,0.4892178765120093,1.0,1.0,en,NPO,Pacific Ocean
'b20fc1e4a2',extremes,Volcano,#b83202,eonet,Volcano Papua New Guinea,2023-07-07T08:13:5+00:00,Papua New Guinea,0.488865961136716,1.0,2.0,en,EPO,Oceania
'358b4fbdbd',extremes,Volcano,#b83202,eonet,"San Cristobal Volcano, Nicaragua",2023-07-05T00:00:0+00:00,Nicaragua,0.4887289738636372,1.0,1.0,en,SCA,North-America
'3c24f4ebc7',extremes,Wild Fire,#d60d2b,eonet,Xx1002 Flat Fire Information,2023-07-15T21:51:0+00:00,United States,0.4887004662887703,1.0,1.0,en,WNA,
'0610b9d79a',extremes,Tropical Cyclone,#4f4f4f,nasaEonet,Tropical Cyclone Beatriz,2023-06-29T18:00:0+00:00,,0.4876860457458233,1.0,2.0,en,,
'f96c058551',extremes,Volcano,#b83202,eonet,"Nishinoshima Volcano, Japan",2023-07-09T00:00:0+00:00,,0.4876712189967731,1.0,1.0,en,NPO,Pacific Ocean
'8e76cfe157',extremes,Volcano,#b83202,eonet,Volcano Italy,2023-07-12T00:00:0+00:00,Italy,0.4875865375158684,1.0,2.0,en,MED,Europe
'67c8351a05',extremes,Volcano,#b83202,eonet,"Sheveluch Volcano, Russia",2023-07-02T00:00:0+00:00,Russia,0.4870820628851184,1.0,1.0,en,RFE,Europe
'620dbbcbcf',extremes,Volcano,#b83202,nasaEonet,"Ubinas Volcano, Peru",2023-06-25T00:00:0+00:00,Peru,0.4870490398498279,1.0,1.0,en,,
'7d7a18cb81',extremes,Volcano,#b83202,eonet,"Klyuchevskoy Volcano, Russia",2023-07-06T00:00:0+00:00,Russia,0.486728801205363,1.0,1.0,en,RFE,Europe
'676dd10496',extremes,Volcano,#b83202,eonet,Volcano Reunion,2023-07-03T00:00:0+00:00,Reunion,0.4860035581063238,1.0,2.0,en,SIO,Africa
'4820cd6691',extremes,Volcano,#b83202,eonet,Volcano Nicaragua,2023-07-05T00:00:0+00:00,Nicaragua,0.4856472620198154,1.0,1.0,en,SCA,North-America
'f63458eeb3',extremes,Volcano,#b83202,eonet,"Piton de la Fournaise Volcano, Reunion (France)",2023-07-03T00:00:0+00:00,Reunion,0.4855271635379648,1.0,1.0,en,SIO,Africa
'a60ed21de7',extremes,Volcano,#b83202,eonet,"Klyuchevskoy Volcano, Russia",2023-07-06T00:00:0+00:00,Russia,0.4854741481442604,1.0,1.0,en,RFE,Europe
'c8b1f3a6ed',extremes,Heat Wave,#c40202,wmo,Heat Wave Nanfeng County,2024-07-04T02:48:00+00:00,China,0.4805750383835395,0.0,2.0,en,EAS,Asia
'fa1d130c66',extremes,Iceberg,#d60d2b,eonet,Iceberg A80D,2023-07-28 00:00:0+00:00,Antarctica,0.480404997436069,1.0,1.0,en,WAN,Antarctica
'8b2f960277',extremes,Iceberg,#d60d2b,eonet,Iceberg D29B,2023-07-14 00:00:0+00:00,,0.4798842381397566,1.0,1.0,en,EAN,
'78e5a91750',extremes,Iceberg,#d60d2b,eonet,Iceberg D31,2023-07-14 00:00:0+00:00,,0.4798322415918115,1.0,1.0,en,EAN,
'3480023171',extremes,Iceberg,#d60d2b,nasaEonet,Iceberg A76J,2023-06-30 00:00:0+00:00,,0.4797547651663132,1.0,1.0,en,SOO,
'761266dc83',extremes,Iceberg,#d60d2b,eonet,Iceberg C38B,2023-07-07 00:00:0+00:00,,0.4797375134931834,1.0,1.0,en,EAN,
'dcb97da446',extremes,Iceberg,#d60d2b,eonet,Iceberg A76L,2023-07-14 00:00:0+00:00,,0.4797060492117155,1.0,1.0,en,SOO,Antarctica
'f9612b56d4',extremes,Iceberg,#d60d2b,nasaEonet,Iceberg D29B,2023-07-07 00:00:0+00:00,,0.4795422728820333,1.0,1.0,en,EAN,
'f91443971e',extremes,Iceberg,#d60d2b,nasaEonet,Iceberg D27,2023-06-30 00:00:0+00:00,,0.4793678269965636,1.0,1.0,en,EAN,
'66dc006ceb',extremes,Iceberg,#d60d2b,eonet,Iceberg D27,2023-07-14 00:00:0+00:00,,0.4789713982127512,1.0,1.0,en,EAN,
'a89b59ef90',extremes,Iceberg,#d60d2b,nasaEonet,Iceberg A74A,2023-06-30 00:00:0+00:00,Antarctis,0.4787956162540714,1.0,1.0,en,EAN,
'e13780d448',extremes,Iceberg,#d60d2b,eonet,Iceberg D30B,2023-07-14 00:00:0+00:00,,0.4787945878645946,1.0,1.0,en,EAN,
'63c0285ba6',extremes,Iceberg,#d60d2b,eonet,Iceberg D28,2023-07-14 00:00:0+00:00,,0.478534138656181,1.0,1.0,en,EAN,
'bd47d0516c',extremes,Iceberg,#d60d2b,nasaEonet,Iceberg D30B,2023-06-30 00:00:0+00:00,,0.4785161112626741,1.0,1.0,en,EAN,
'95a3203e1f',extremes,Iceberg,#d60d2b,nasaEonet,Iceberg A23A,2023-06-30 00:00:0+00:00,Antarctis,0.4785151225645171,1.0,1.0,en,EAN,
'57f491b886',extremes,Iceberg,#d60d2b,nasaEonet,Iceberg A78,2023-06-30 00:00:0+00:00,Antarctis,0.478430876106837,1.0,1.0,en,EAN,
'7b66023fca',extremes,Iceberg,#d60d2b,eonet,Iceberg A76D,2023-07-14 00:00:0+00:00,,0.4781902237231368,1.0,1.0,en,SOO,Antarctica
'e562717787',extremes,Iceberg,#d60d2b,eonet,Iceberg A78,2023-07-14 00:00:0+00:00,Antarctica,0.478021048251436,1.0,1.0,en,EAN,Antarctica
'6409da36cc',extremes,Iceberg,#d60d2b,nasaEonet,Iceberg A76M,2023-06-30 00:00:0+00:00,,0.4780030217377997,1.0,1.0,en,SOO,
'c7c01ce718',extremes,Iceberg,#d60d2b,nasaEonet,Iceberg A76H,2023-06-30 00:00:0+00:00,,0.4778477815233472,1.0,1.0,en,SOO,
'dd5da91353',extremes,Iceberg,#d60d2b,nasaEonet,Iceberg D29C,2023-07-07 00:00:0+00:00,,0.4778317397951741,1.0,1.0,en,EAN,
'6950b42710',extremes,Heat Wave,#c40202,wmo,Heat Wave Linchuan,2024-07-04T02:48:00+00:00,China,0.4778229854214788,0.0,2.0,en,EAS,Asia
'368cba6eb3',extremes,Iceberg,#d60d2b,eonet,Iceberg D29A,2023-07-14 00:00:0+00:00,,0.4778086602015106,1.0,1.0,en,EAN,
'1e7d521ac9',extremes,Heat Wave,#c40202,wmo,Heat Wave Jianou City,2024-07-04T02:48:00+00:00,China,0.477714597358965,0.0,2.0,en,EAS,Asia
'93855b3832',extremes,Iceberg,#d60d2b,nasaEonet,Iceberg A80D,2023-06-30 00:00:0+00:00,Antarctis,0.4775941841956543,1.0,1.0,en,WAN,
'eba0dae408',extremes,Iceberg,#d60d2b,eonet,Iceberg B15AB,2023-07-14 00:00:0+00:00,,0.4775822585336343,1.0,1.0,en,EAN,
'9ff2c870f8',extremes,Iceberg,#d60d2b,eonet,Iceberg D20A,2023-07-14 00:00:0+00:00,,0.4775441476685267,1.0,1.0,en,EAN,
'2b583601bb',extremes,Iceberg,#d60d2b,eonet,Iceberg A76M,2023-07-14 00:00:0+00:00,,0.4775268224195544,1.0,1.0,en,SOO,Antarctica
'a694b85c13',extremes,Iceberg,#d60d2b,eonet,Iceberg D29C,2023-07-14 00:00:0+00:00,,0.4775266936815751,1.0,1.0,en,EAN,
'36866e4a9c',extremes,Iceberg,#d60d2b,eonet,Iceberg A76H,2023-07-14 00:00:0+00:00,,0.47751877232291,1.0,1.0,en,SOO,Antarctica
'df6b752bba',extremes,Iceberg,#d60d2b,eonet,Iceberg A76J,2023-07-14 00:00:0+00:00,,0.4774974095463115,1.0,1.0,en,SOO,Antarctica
'5db4372d2d',extremes,Iceberg,#d60d2b,eonet,Iceberg A76E,2023-07-14 00:00:0+00:00,,0.4774521895103354,1.0,1.0,en,SOO,Antarctica
'0f3774af02',extremes,Iceberg,#d60d2b,nasaEonet,Iceberg D30A,2023-06-30 00:00:0+00:00,,0.4774040900315192,1.0,1.0,en,EAN,
'c3da148acf',extremes,Iceberg,#d60d2b,eonet,Iceberg A74A,2023-07-14 00:00:0+00:00,Antarctica,0.4771775678955571,1.0,1.0,en,EAN,Antarctica
'd683eca5cd',extremes,Iceberg,#d60d2b,eonet,Iceberg B46,2023-07-14 00:00:0+00:00,Antarctica,0.4771427683729776,1.0,1.0,en,WAN,Antarctica
'fba9c8f2b3',extremes,Iceberg,#d60d2b,nasaEonet,Iceberg D31,2023-07-07 00:00:0+00:00,,0.477053639808302,1.0,1.0,en,EAN,
'0548444ce0',extremes,Iceberg,#d60d2b,eonet,Iceberg A23A,2023-07-14 00:00:0+00:00,Antarctica,0.4768109274308662,1.0,1.0,en,EAN,Antarctica
'10ae27b9eb',extremes,Heat Wave,#c40202,wmo,Heat Wave Wujiang District,2024-07-04T02:48:00+00:00,China,0.4767578918694545,0.0,2.0,en,EAS,Asia
'b2e438fc0a',extremes,Iceberg,#d60d2b,nasaEonet,Iceberg A76F,2023-06-30 00:00:0+00:00,,0.4766446546673832,1.0,1.0,en,SOO,
'f554f3b79e',extremes,Iceberg,#d60d2b,nasaEonet,Iceberg C38B,2023-07-07 00:00:0+00:00,,0.4766194136773372,1.0,1.0,en,EAN,
'fed4d4cf52',extremes,Iceberg,#d60d2b,eonet,Iceberg A76D,2023-07-14 00:00:0+00:00,,0.4765950751154206,1.0,1.0,en,SOO,Antarctica
'ca3ef38ca9',extremes,Iceberg,#d60d2b,eonet,Iceberg D30A,2023-07-28 00:00:0+00:00,,0.4764335441051395,1.0,1.0,en,EAN,
'b9d4e7c17c',extremes,Iceberg,#d60d2b,nasaEonet,Iceberg D28,2023-07-07 00:00:0+00:00,,0.4763200938497248,1.0,1.0,en,EAN,
'004feb8c22',extremes,Iceberg,#d60d2b,nasaEonet,Iceberg B15AB,2023-07-07 00:00:0+00:00,,0.4761625912210983,1.0,1.0,en,EAN,
'5ce9248ab5',extremes,Iceberg,#d60d2b,eonet,Iceberg A76F,2023-07-14 00:00:0+00:00,,0.4760741470433078,1.0,1.0,en,SOO,Antarctica
'45b5914ef6',extremes,Iceberg,#d60d2b,nasaEonet,Iceberg A77,2023-06-30 00:00:0+00:00,Antarctis,0.4760627122235606,1.0,1.0,en,EAN,
'78eb843b91',extremes,Iceberg,#d60d2b,eonet,Iceberg A81,2023-07-14 00:00:0+00:00,Antarctis,0.4756685583006838,1.0,1.0,en,EAN,
'b8bcb46270',extremes,Iceberg,#d60d2b,eonet,Iceberg D29A,2023-07-14 00:00:0+00:00,,0.4756014876043901,1.0,1.0,en,EAN,
'0b55d0dbc1',extremes,Iceberg,#d60d2b,nasaEonet,Iceberg D20A,2023-06-30 00:00:0+00:00,,0.4755769201308585,1.0,1.0,en,EAN,
'35f8cad0a8',extremes,Iceberg,#d60d2b,nasaEonet,Iceberg B46,2023-07-07 00:00:0+00:00,Antarctis,0.4755605028162807,1.0,1.0,en,WAN,
'd6adcc79a1',extremes,Iceberg,#d60d2b,nasaEonet,Iceberg B47,2023-07-07 00:00:0+00:00,,0.4754947375276996,1.0,1.0,en,,
'5a307ae56f',extremes,Iceberg,#d60d2b,nasaEonet,Iceberg A76E,2023-06-30 00:00:0+00:00,,0.4754112201371886,1.0,1.0,en,,
'74aa6937c7',extremes,Iceberg,#d60d2b,eonet,Iceberg Antarctica,2023-07-14 00:00:0+00:00,Antarctica,0.4751994700145725,1.0,1.0,en,EAN,Antarctica
'0abc91bf51',extremes,Precipitation,#d60d2b,wmo,Downpour Huaibin County,2024-07-04T02:48:00+00:00,China,0.4716798421888304,0.0,2.0,en,EAS,Asia
'29c17c4b64',extremes,Volcano,#b83202,eonet,Home Reef Volcano Tonga,2024-07-04T02:47:00+00:00,,0.4681135044658155,0.0,2.0,en,SPO,Pacific Ocean
'78c59eaa5a',extremes,Precipitation,#d60d2b,wmo,Downpour Xixian County,2024-07-04T02:48:00+00:00,China,0.4660475456001353,0.0,2.0,en,EAS,Asia
'32ebd26f96',extremes,Precipitation,#d60d2b,wmo,Torrential Rain Luoshan County,2024-07-04T02:48:00+00:00,China,0.4656475179356739,0.0,2.0,en,EAS,Asia
'51ecbbdd8f',extremes,Heat Wave,#c40202,wmo,Heat Wave Fuyang District,2024-07-04T02:48:00+00:00,China,0.4640612451451379,0.0,2.0,en,EAS,Asia
'690c0d80e6',extremes,Wildfire,#d60d2b,esawfa,Bushfire Italy,2024-07-04T02:48:00+00:00,Italy,0.4640362862266792,0.0,2.0,en,MED,Europe
'fe0299a1cc',extremes,Precipitation,#d60d2b,wmo,Rain Songming County,2024-07-04T02:48:00+00:00,China,0.4638100383187885,0.0,2.0,en,EAS,Asia
'c9c7347b4e',extremes,Precipitation,#d60d2b,wmo,Precipitation Ningxia county,2024-07-04T02:48:00+00:00,China,0.4633976772918827,0.0,2.0,en,EAS,Asia
'd869fe5aba',extremes,Precipitation,#d60d2b,wmo,Precipitation Nanhua County,2024-07-04T02:48:00+00:00,China,0.4633091615290077,0.0,2.0,en,EAS,Asia
'49743d3506',extremes,Heat Wave,#c40202,wmo,Heat Wave yanping district,2024-07-04T02:48:00+00:00,China,0.462958045121609,0.0,2.0,en,EAS,Asia
'7c6ac84a70',extremes,Precipitation,#d60d2b,wmo,Downpour Zigui County,2024-07-04T02:48:00+00:00,China,0.4627431136055538,0.0,2.0,en,EAS,Asia
'e67d2f305c',extremes,Heat Wave,#c40202,wmo,Heat Wave Taizhou City,2024-07-04T02:48:00+00:00,China,0.4604633155608015,0.0,2.0,en,EAS,Asia
'55b3b36009',extremes,Heat Wave,#c40202,wmo,Heat Wave Anxi County,2024-07-04T02:48:00+00:00,China,0.4603920542133328,0.0,2.0,en,EAS,Asia
'2676595deb',extremes,Heat Wave,#c40202,wmo,Heat Wave Shunchang County,2024-07-04T02:48:00+00:00,China,0.460054760050856,0.0,2.0,en,EAS,Asia
'974c29fb5f',extremes,Storm,#b3b2b1,wmo,Storm Surge Panzhou City,2024-07-04T02:48:00+00:00,China,0.4600385791901642,0.0,2.0,en,EAS,Asia
'f9b4a7c959',extremes,Storm,#b3b2b1,eonet,Super Typhoon Doksuri,2023-07-22T00:00:0+00:00,,0.4594889785010975,2.0,1.0,en,SEA,Asia
'4e72e52673',extremes,Precipitation,#d60d2b,wmo,Rain Jingshan City,2024-07-04T02:48:00+00:00,China,0.4587995911284019,0.0,2.0,en,EAS,Asia
'8c98918b38',extremes,Heat Wave,#c40202,wmo,Heat Wave Baoshan District,2024-07-04T02:48:00+00:00,China,0.4585804343928413,0.0,2.0,en,EAS,Asia
'dbca0daa0d',extremes,Heat Wave,#c40202,wmo,Heat Wave zhangshu,2024-07-04T02:48:00+00:00,China,0.4579656249269513,0.0,2.0,en,EAS,Asia
'b5555524ff',extremes,Heat Wave,#c40202,wmo,Heat Wave Jinshan District,2024-07-04T02:48:00+00:00,China,0.4570326942236303,0.0,2.0,en,EAS,Asia
'9728e4678d',extremes,Thunderstorm,#53785a,wmo,Thunderstorm NAGALAPURAM SATYAVEDU Mandals.,2024-07-04T02:48:00+00:00,India,0.4569899685427218,0.0,2.0,en,SAS,Asia
'88d4246a25',extremes,Storm,#b3b2b1,fema,Minnesota Severe Storms and Flooding,2024-07-04T02:48:00+00:00,United States,0.4566573945977771,0.0,2.0,en,CNA,North-America
'38350eb3a6',extremes,Volcano,#b83202,eonet,Volcano Russia,2023-07-06T00:00:0+00:00,Russia,0.4565464243993182,0.0,2.0,en,RFE,Europe
'4064ffeb11',extremes,Precipitation,#d60d2b,wmo,Precipitation Pingdu City,2024-07-04T02:48:00+00:00,China,0.4564744788162102,0.0,2.0,en,EAS,Asia
'fe0a1f0644',extremes,Heat Wave,#c40202,wmo,Heat Wave Longquan,2024-07-04T02:48:00+00:00,China,0.4561855878803467,0.0,2.0,en,EAS,Asia
'e579cdce10',extremes,Heat Wave,#c40202,wmo,Heat Wave Minhang District,2024-07-04T02:48:00+00:00,China,0.4559575344592292,0.0,2.0,en,EAS,Asia
'a54c7c9692',extremes,Precipitation,#d60d2b,wmo,Rain Wushan County,2024-07-04T02:48:00+00:00,China,0.4556057645170798,0.0,2.0,en,EAS,Asia
'2c0be61567',extremes,Heat Wave,#c40202,wmo,Heat Wave Zhuhui District,2024-07-04T02:48:00+00:00,China,0.4550209422801793,0.0,2.0,en,EAS,Asia
'c9ae30044a',extremes,Heat Wave,#c40202,wmo,Heat Wave Xiuning County,2024-07-04T02:48:00+00:00,China,0.454998621993705,0.0,2.0,en,EAS,Asia
'18697b6ccb',extremes,Precipitation,#d60d2b,wmo,Precipitation Wangcang County,2024-07-04T02:48:00+00:00,China,0.4548776968809945,0.0,2.0,en,EAS,Asia
'36a021e583',extremes,Heat Wave,#c40202,wmo,Heat Wave Shexian,2024-07-04T02:48:00+00:00,China,0.4547773026856826,0.0,2.0,en,EAS,Asia
'ee76108475',extremes,Wildfire,#d60d2b,esawfa,Bushfire Greece,2024-07-04T02:48:00+00:00,Greece,0.4547762898696965,0.0,2.0,en,MED,Europe
'5f60876e0f',extremes,Heat Wave,#c40202,wmo,Heat Wave Hetian Area,2024-07-04T02:48:00+00:00,China,0.4547631880094551,0.0,2.0,en,EAS,Asia
'c089c0f588',extremes,Iceberg,#d60d2b,eonet,Iceberg C39,2023-08-11 00:00:0+00:00,,0.4546123015296291,0.0,2.0,en,EAN,
'10b094f6c6',extremes,Thunderstorm,#53785a,wmo,Hail Daxing District,2024-07-04T02:48:00+00:00,China,0.4542939122809781,0.0,2.0,en,EAS,Asia
'040aac06bc',extremes,Wildfire,#d60d2b,esawfa,Wildfire Vietnam,2024-07-04T02:48:00+00:00,Vietnam,0.4537569974821451,0.0,2.0,en,SEA,Asia
'd2a4de114b',extremes,Heat Wave,#c40202,wmo,Heat Wave Fengcheng,2024-07-04T02:48:00+00:00,China,0.4534355805223387,0.0,2.0,en,EAS,Asia
'bb9968ed6a',extremes,Precipitation,#d60d2b,wmo,Rain Xuzhou City,2024-07-04T02:48:00+00:00,China,0.4532647167494588,0.0,2.0,en,EAS,Asia
'5f54eb0c8b',extremes,Landslide,#572c03,wmo,Landslide Tumotezuoqi,2024-07-04T02:48:00+00:00,China,0.4528654281112929,0.0,2.0,en,EAS,Asia
'1b49836814',extremes,Heat Wave,#c40202,wmo,Heat Wave zhenhai district,2024-07-04T02:48:00+00:00,China,0.4526025464257162,0.0,2.0,en,EAS,Asia
'ff51db6681',extremes,Precipitation,#d60d2b,wmo,Downpour Lancang Lahu Autonomous County,2024-07-04T02:48:00+00:00,China,0.4523593867964691,0.0,2.0,en,EAS,Asia
'fcc090d578',extremes,Thunderstorm,#53785a,wmo,Severe Weather PALASAMUDRAM Mandal.,2024-07-04T02:48:00+00:00,India,0.4522811478449339,0.0,2.0,en,SAS,Asia
'546479759d',extremes,Precipitation,#d60d2b,wmo,Torrential Rain Suining County,2024-07-04T02:48:00+00:00,China,0.4519347435333176,0.0,2.0,en,EAS,Asia
'433a24c5fc',extremes,Precipitation,#d60d2b,wmo,Downpour Yingshang County,2024-07-04T02:48:00+00:00,China,0.4518665101588776,0.0,2.0,en,EAS,Asia
'58e6bf4bfa',extremes,Heat Wave,#c40202,wmo,Heat Wave Jiangyan District,2024-07-04T02:48:00+00:00,China,0.4518562538488611,0.0,2.0,en,EAS,Asia
'ae687cd42a',extremes,Precipitation,#d60d2b,wmo,Rain Weicheng District,2024-07-04T02:48:00+00:00,China,0.4515066870428887,0.0,2.0,en,EAS,Asia
'a7e2c8cee5',extremes,Heat Wave,#c40202,wmo,Heat Wave Fenyi County,2024-07-04T02:48:00+00:00,China,0.4513575941269482,0.0,2.0,en,EAS,Asia
'acf8cbea71',extremes,Precipitation,#d60d2b,wmo,Torrential Rain Minquan County,2024-07-04T02:48:00+00:00,China,0.4513177840068578,0.0,2.0,en,EAS,Asia
'89c1bd3882',extremes,Precipitation,#d60d2b,wmo,Torrential Rain Changling County,2024-07-04T02:48:00+00:00,China,0.4507030601844763,0.0,2.0,en,EAS,Asia
'7fd9750979',extremes,Heat Wave,#c40202,wmo,Heat Wave Pinghu,2024-07-04T02:48:00+00:00,China,0.4503929751189136,0.0,2.0,en,EAS,Asia
'96682d3266',extremes,Precipitation,#d60d2b,wmo,Precipitation Jieshou,2024-07-04T02:48:00+00:00,China,0.4503010669363351,0.0,2.0,en,EAS,Asia
'67f0f7fa10',extremes,Flood,#030ba1,emdat,Flooding Taiz,2023-06-31T12:00:00+00:00,Yemen,0.4420397001968283,0.0,2.0,en,ARP,Asia
'88edf2d302',extremes,Tropical Cyclone,#4f4f4f,eonet,Tropical Storm Eugene,2023-08-05T18:00:0+00:00,,0.4411681625136256,0.0,2.0,en,NCA,North-America
'b3eb7be452',extremes,Iceberg,#d60d2b,eonet,Iceberg A74B,2023-07-14 00:00:0+00:00,Antarctica,0.4395183778970301,2.0,1.0,en,EAN,Antarctica
'adced1515f',extremes,Volcano,#b83202,eonet,"Langila Volcano, Papua New Guinea",2023-07-19T00:00:0+00:00,,0.428901444583133,0.0,2.0,en,,
'5bd9373539',extremes,Volcano,#b83202,eonet,"Shishaldin Volcano, Alaska",2023-07-14T00:00:0+00:00,,0.4285966662999644,0.0,2.0,en,,
'72c9a7c513',extremes,Volcano,#b83202,eonet,"Etna Volcano, Italy",2023-07-12T00:00:0+00:00,Italy,0.4282411089878217,0.0,2.0,en,MED,Europe
'ea19b69a77',extremes,Volcano,#b83202,eonet,"Ulawun Volcano, Papua New Guinea",2023-07-18T00:00:0+00:00,,0.4281831273159142,0.0,2.0,en,,
'03912fe809',extremes,Volcano,#b83202,eonet,Volcano Italy,2023-07-12T00:00:0+00:00,Italy,0.4168077903595556,2.0,2.0,en,MED,Europe
'63749fe5e1',extremes,Iceberg,#d60d2b,nasaEonet,Iceberg A76L,2023-06-30 00:00:0+00:00,,0.4062340892214218,2.0,1.0,en,SOO,
'e713d6fa47',extremes,Volcano,#b83202,eonet,"Dempo Volcano, Indonesia",2023-07-26T00:00:0+00:00,Indonesia,0.4053118724943864,0.0,2.0,en,SEA,Asia
'5db5519b9a',extremes,Volcano,#b83202,eonet,"Bagana Volcano, Papua New Guinea",2023-07-07T08:13:5+00:00,Papua New Guinea,0.3641806290062609,1.0,1.0,en,EPO,Oceania
