,phrase,label,sentiment,subjectivity,language,count
Libya,,,,,,
China,,,,,,
Greece,,,,,,
Florida,,,,,,
California,,,,,,
Hawaii,,,,,,
Atlantic,,,,,,
U.S.,,,,,,
Canada,,,,,,
US,,,,,,
Derna,,,,,,
Australia,,,,,,
New England,,,,,,
Mexico,,,,,,
Maui,,,,,,
Taiwan,,,,,,
Hong Kong,,,,,,
Europe,,,,,,
Spain,,,,,,
Southern California,,,,,,
Morocco,,,,,,
North Carolina,,,,,,
Beijing,,,,,,
Brazil,,,,,,
Ukraine,,,,,,
India,,,,,,
Caribbean,,,,,,
Maine,,,,,,
Lahaina,,,,,,
Russia,,,,,,
the Atlantic Ocean,,,,,,
Turkey,,,,,,
Japan,,,,,,
Bulgaria,,,,,,
Mediterranean,,,,,,
the United States,,,,,,
Baja,,,,,,
United States,,,,,,
Norway,,,,,,
Washington,,,,,,
New York,,,,,,
Afghanistan,,,,,,
Philippines,,,,,,
Italy,,,,,,
Georgia,,,,,,
UK,,,,,,
Portugal,,,,,,
the East Coast,,,,,,
Israel,,,,,,
Texas,,,,,,
Alaska,,,,,,
Typhoon Haikui,,,,,,
Nova Scotia,,,,,,
Tenerife,,,,,,
New York City,,,,,,
Germany,,,,,,
Virginia,,,,,,
Fla.,,,,,,
Earth,,,,,,
Puerto Rico,,,,,,
East Coast,,,,,,
Slovenia,,,,,,
Atlantic Canada,,,,,,
France,,,,,,
the Gulf of Mexico,,,,,,
Massachusetts,,,,,,
Juneau,,,,,,
Pakistan,,,,,,
Poland,,,,,,
BEIJING,,,,,,
America,,,,,,
Northeast,,,,,,
Nevada,,,,,,
England,,,,,,
Antarctica,,,,,,
Los Angeles,,,,,,
Haiti,,,,,,
New Zealand,,,,,,
Bermuda,,,,,,
Kilauea,,,,,,
Myanmar,,,,,,
Africa,,,,,,
Denmark,,,,,,
El Nino,,,,,,
Pacific,,,,,,
Sydney,,,,,,
Nigeria,,,,,,
SAN JUAN,,,,,,
Guangdong,,,,,,
South Carolina,,,,,,
B.C.,,,,,,
Calif.,,,,,,
British Columbia,,,,,,
Sweden,,,,,,
Shenzhen,,,,,,
Nepal,,,,,,
Ireland,,,,,,
Oregon,,,,,,
Vermont,,,,,,
Mumbai,,,,,,
Slovakia,,,,,,
Hungary,,,,,,
Guatemala,,,,,,
Bajhang,,,,,,
South Africa,,,,,,
SYDNEY,,,,,,
Queensland,,,,,,
New South Wales,,,,,,
Gulf Coast,,,,,,
Asia,,,,,,
Carolinas,,,,,,
Paris,,,,,,
Cameroon,,,,,,
Tonga,,,,,,
Md.,,,,,,
Britain,,,,,,
Southwest,,,,,,
Victoria,,,,,,
Arizona,,,,,,
Pacific coast,,,,,,
Sudan,,,,,,
Kyiv,,,,,,
Los Cabos,,,,,,
Gaza,,,,,,
Scotland,,,,,,
San Diego,,,,,,
Las Vegas,,,,,,
HONG KONG,,,,,,
Baja California,,,,,,
Michigan,,,,,,
Boston,,,,,,
Panama,,,,,,
Moscow,,,,,,
Louisiana,,,,,,
Argentina,,,,,,
Idaho,,,,,,
Yellowknife,,,,,,
Southeast,,,,,,
Rhode Island,,,,,,
ANNAPOLIS,,,,,,
Tropical Storm Idalia,,,,,,
Maryland,,,,,,
Atlantic Ocean,,,,,,
El Niño,,,,,,
the Dominican Republic,,,,,,
ATHENS,,,,,,
the Pacific Ocean,,,,,,
Mexicos,,,,,,
NEW YORK,,,,,,
Rio Grande,,,,,,
Chinas,,,,,,
South Korea,,,,,,
Phoenix,,,,,,
Madrid,,,,,,
Melbourne,,,,,,
Bangladesh,,,,,,
Chile,,,,,,
the Pacific Northwest,,,,,,
U.S,,,,,,
Manila,,,,,,
Iran,,,,,,
Marrakech,,,,,,
New Mexico,,,,,,
LONDON,,,,,,
the Leeward Islands,,,,,,
Fujian province,,,,,,
the Gulf Coast,,,,,,
Kenya,,,,,,
South,,,,,,
Montana,,,,,,
Scandinavia,,,,,,
Hispaniola,,,,,,
Rabat,,,,,,
Thailand,,,,,,
Miami,,,,,,
WASHINGTON,,,,,,
Antarctic,,,,,,
Big Island,,,,,,
Sputnik,,,,,,
North Korea,,,,,,
Delaware,,,,,,
Maui County,,,,,,
Herat,,,,,,
Illinois,,,,,,
Dominican Republic,,,,,,
NYC,,,,,,
Sri Lanka,,,,,,
Kiev,,,,,,
FORT LAUDERDALE,,,,,,
Palm Springs,,,,,,
Emerald Isle,,,,,,
Algarve,,,,,,
ORLANDO,,,,,,
Missouri,,,,,,
the West Coast,,,,,,
North America,,,,,,
Switzerland,,,,,,
Gulf of Mexico,,,,,,
Cuba,,,,,,
Evros,,,,,,
Malawi,,,,,,
New Delhi,,,,,,
Ontario,,,,,,
Delhi,,,,,,
Black Sea,,,,,,
Gulf,,,,,,
Canary Islands,,,,,,
New Jersey,,,,,,
Macau,,,,,,
Daniel,,,,,,
Finland,,,,,,
Marrakesh,,,,,,
Athens,,,,,,
TOKYO,,,,,,
Manitoba,,,,,,
Arctic,,,,,,
glacial lake,,,,,,
Mount Etna,,,,,,
Sicily,,,,,,
South Sudan,,,,,,
London,,,,,,
MIAMI,,,,,,
Floridas,,,,,,
COPENHAGEN,,,,,,
Libyas,,,,,,
Maui island,,,,,,
Himalayas,,,,,,
Algeria,,,,,,
Ohio,,,,,,
Netherlands,,,,,,
Amazon,,,,,,
Attleboro,,,,,,
Pacific Ocean,,,,,,
Sri Lanka's,,,,,,
Western Australia,,,,,,
New Brunswick,,,,,,
the Canary Islands,,,,,,
Wisconsin,,,,,,
Punjab,,,,,,
South Africa's,,,,,,
Midwest,,,,,,
Catania,,,,,,
Alabama,,,,,,
CAIRO,,,,,,
Istanbul,,,,,,
Jacksonville,,,,,,
MOSCOW,,,,,,
mudslides,,,,,,
Perth,,,,,,
Uttarakhand,,,,,,
D.C.,,,,,,
Pradesh,,,,,,
Castelo Branco,,,,,,
Saudi Arabia,,,,,,
West Coast,,,,,,
Tennessee,,,,,,
Himachal,,,,,,
Toronto,,,,,,
Ottawa,,,,,,
Indonesia,,,,,,
Delhi-NCR,,,,,,
Austria,,,,,,
River Benue,,,,,,
Tennant Creek,,,,,,
GUATEMALA CITY,,,,,,
New Orleans,,,,,,
SINGAPORE,,,,,,
ISTANBUL,,,,,,
Estonia,,,,,,
Hebei province,,,,,,
North America's,,,,,,
Pune,,,,,,
east coast,,,,,,
the Arabian Sea,,,,,,
SANTO DOMINGO,,,,,,
Mount Lauvhøe,,,,,,
the United Kingdom,,,,,,
Punjab province,,,,,,
New Hampshire,,,,,,
the Black Sea,,,,,,
Taal Volcano,,,,,,
Egypt,,,,,,
TAIPEI,,,,,,
Baja California Peninsula,,,,,,
SAN DIEGO,,,,,,
Brooklyn,,,,,,
Arabian Sea,,,,,,
Karnataka,,,,,,
MADRID,,,,,,
Napoli,,,,,,
Panama City,,,,,,
Maricopa County,,,,,,
Cape Cod,,,,,,
Alexandroupolis,,,,,,
Orange County,,,,,,
CATHEDRAL CITY,,,,,,
Hollywood,,,,,,
Gujarat,,,,,,
Iowa,,,,,,
NAIROBI,,,,,,
Orlando,,,,,,
the Atlantic Coast,,,,,,
PANAMA CITY,,,,,,
Osoyoos,,,,,,
MEXICO CITY,,,,,,
Volos,,,,,,
Venice,,,,,,
Atlanta,,,,,,
the North Atlantic,,,,,,
Guwahati,,,,,,
Philadelphia,,,,,,
Hebei,,,,,,
Pennsylvania,,,,,,
Yemen,,,,,,
PETERSBURG,,,,,,
Toukrah,,,,,,
eastern Canada,,,,,,
West,,,,,,
earth,,,,,,
the Northern Hemisphere,,,,,,
Heilongjiang,,,,,,
Tampa,,,,,,
Chicago,,,,,,
Romania,,,,,,
Tallahassee,,,,,,
MANILA,,,,,,
Dublin,,,,,,
the National Oceanic,,,,,,
the Tapajos river,,,,,,
Thessaly,,,,,,
New Zealand's,,,,,,
Victoria state,,,,,,
UNICEF,,,,,,
Croatia,,,,,,
Tasmania,,,,,,
Bolivia,,,,,,
the Mediterranean Sea,,,,,,
Detroit,,,,,,
the South Pacific,,,,,,
Typhoon Doksuri,,,,,,
Berlin,,,,,,
Pacific Northwest,,,,,,
Singapore,,,,,,
Bristol,,,,,,
El Paso,,,,,,
Milan,,,,,,
USA,,,,,,
ST.,,,,,,
Charleston,,,,,,
Colorado,,,,,,
Northern Europe,,,,,,
ROME,,,,,,
NSW,,,,,,
the Mid-Atlantic,,,,,,
Kelowna,,,,,,
NEW DELHI,,,,,,
South America,,,,,,
Minnesota,,,,,,
San Diego County,,,,,,
Türkiye,,,,,,
Seattle,,,,,,
SEOUL,,,,,,
Shulan,,,,,,
Western Cape,,,,,,
Brisbane,,,,,,
Kansas City,,,,,,
Brussels,,,,,,
South Asia,,,,,,
Crimea,,,,,,
East,,,,,,
Barbuda,,,,,,
Congo,,,,,,
NJ,,,,,,
Bronx,,,,,,
the Eastern Seaboard,,,,,,
Rome,,,,,,
Lido,,,,,,
Kachin,,,,,,
Ethiopia,,,,,,
North Attleboro,,,,,,
the Lagdo Dam,,,,,,
Mass.,,,,,,
Caribbean Sea,,,,,,
Blue Ridge Rock Festival,,,,,,
Wilmington,,,,,,
Kanto,,,,,,
Mexicos Pacific coast,,,,,,
Southern China,,,,,,
the Big Island,,,,,,
the Northern Territory,,,,,,
UNITED STATES,,,,,,
The Atlantic Ocean,,,,,,
Hong Kong's,,,,,,
Liberia,,,,,,
AKRON,,,,,,
Okanagan Valley,,,,,,
Long Island,,,,,,
Tijuana,,,,,,
L.A.,,,,,,
South Australia,,,,,,
ST PETERSBURG,,,,,,
Penrith,,,,,,
Maharashtra,,,,,,
Northern Hemisphere,,,,,,
Southwest U.S.,,,,,,
Newfoundland,,,,,,
The United States,,,,,,
Lake Counties,,,,,,
the Northwest Territories,,,,,,
Los Angeles County,,,,,,
South Texas,,,,,,
CALIFORNIA,,,,,,
Southwestern U.S.,,,,,,
the Middle East,,,,,,
Northwest Territories,,,,,,
Oukaïmedene,,,,,,
Nev.,,,,,,
Wyoming,,,,,,
BANGKOK,,,,,,
Sichuan province,,,,,,
Northern Ireland,,,,,,
Syria,,,,,,
Nagpur,,,,,,
the United States Geological Survey,,,,,,
Miami-Dade County,,,,,,
Pyongyang,,,,,,
BAR HARBOR,,,,,,
the Suicide Basin,,,,,,
Tunisia,,,,,,
Washington DC,,,,,,
the United States of America,,,,,,
the Mendenhall Glacier,,,,,,
the Gulf of Maine,,,,,,
Namibia,,,,,,
Zhuozhou,,,,,,
Newcastle,,,,,,
Sardinia,,,,,,
Benghazi,,,,,,
Sudurpaschim Province,,,,,,
BOSTON,,,,,,
Manhattan,,,,,,
KAHULUI,,,,,,
Odemira,,,,,,
Headingley,,,,,,
Lahaina Town,,,,,,
Queens,,,,,,
Rhodes,,,,,,
Cape Town,,,,,,
NZ,,,,,,
Hanoi,,,,,,
La.,,,,,,
Leominster,,,,,,
Oklahoma,,,,,,
Wales,,,,,,
AUGUSTA,,,,,,
Hiroshima,,,,,,
Bosnia-Herzegovina,,,,,,
South China,,,,,,
Kentucky,,,,,,
SAO PAULO,,,,,,
Cecil Plains,,,,,,
Carolina,,,,,,
Lagos,,,,,,
HELSINKI,,,,,,
Rissers Beach Provincial Park,,,,,,
the Mendenhall River,,,,,,
Lithuania,,,,,,
Kutch,,,,,,
Cyprus,,,,,,
North Africa's,,,,,,
Hangzhou,,,,,,
RENO,,,,,,
Antarctic sea,,,,,,
LOS ANGELES,,,,,,
DC,,,,,,
Austin,,,,,,
Barkly,,,,,,
Venezuela,,,,,,
Karditsa,,,,,,
Vancouver Island,,,,,,
Jiangsu,,,,,,
Kansas,,,,,,
the Southwestern United States,,,,,,
Zagora,,,,,,
Himachal Pradesh,,,,,,
Atlantic City,,,,,,
Sandstorm,,,,,,
Shovi,,,,,,
HONOLULU,,,,,,
the United States',,,,,,
Coachella Valley,,,,,,
Death Valley,,,,,,
LA,,,,,,
Toulouse,,,,,,
Tropical Storm,,,,,,
Taitung,,,,,,
Lapland,,,,,,
Vernon,,,,,,
Qatar,,,,,,
Kong,,,,,,
Colombia,,,,,,
Hong Kong Shuts,,,,,,
Uganda,,,,,,
West Front,,,,,,
North Korea's,,,,,,
Central Europe,,,,,,
Floridas Gulf Coast,,,,,,
Minneapolis,,,,,,
the Baltic Sea,,,,,,
Sikkim,,,,,,
the Hebei province,,,,,,
Alaskas,,,,,,
DUBLIN,,,,,,
West Kootenay,,,,,,
Xian,,,,,,
Naples,,,,,,
Santa Rosalia,,,,,,
Tarragona,,,,,,
Cadiz,,,,,,
Venus,,,,,,
Calgary,,,,,,
DRC,,,,,,
Mezzogiorno,,,,,,
Inter Miami,,,,,,
Super Typhoon Saola,,,,,,
Manaus,,,,,,
Pima,,,,,,
Searsport,,,,,,
the Coral Sea,,,,,,
Hpakant,,,,,,
Halifax,,,,,,
Colombo,,,,,,
Korea,,,,,,
Pinal,,,,,,
Oman,,,,,,
Osaka,,,,,,
Ecuador,,,,,,
Maine Atlantic,,,,,,
Yangon,,,,,,
Wheatbelt,,,,,,
Ore.,,,,,,
S.C.,,,,,,
U.S. Southwest,,,,,,
Yucatan,,,,,,
Arlington,,,,,,
Central Florida,,,,,,
Luzon,,,,,,
Cairo,,,,,,
the United Arab Emirates,,,,,,
North Island,,,,,,
the Horn of Africa,,,,,,
Belgium,,,,,,
Corfu,,,,,,
ATLANTA,,,,,,
Spains,,,,,,
Eastport,,,,,,
the Southern Hemisphere,,,,,,
Bangkok,,,,,,
Palma,,,,,,
North Africa,,,,,,
West Maui,,,,,,
Kolkata,,,,,,
Mississippi,,,,,,
the Upper West Region,,,,,,
Winnipeg,,,,,,
OSLO,,,,,,
Acapulco,,,,,,
the City of Merritt,,,,,,
Nova Scotia's,,,,,,
Central,,,,,,
Abuja,,,,,,
Houston,,,,,,
Albemarle Chile,,,,,,
The Northern Hemisphere,,,,,,
the Lagdo dam,,,,,,
Uruguay,,,,,,
Maritimes,,,,,,
Mayotte,,,,,,
Atacama,,,,,,
LEOMINSTER,,,,,,
South Canterbury,,,,,,
Udhampur,,,,,,
Jammu,,,,,,
San Sebastian,,,,,,
Vancouver,,,,,,
Tenerife island,,,,,,
M6.3,,,,,,
North and South America,,,,,,
Fire Island,,,,,,
the Taquari river,,,,,,
Mount Taranaki,,,,,,
Tokyo,,,,,,
Atlantic Canada',,,,,,
Superstorm Sandy,,,,,,
Utah,,,,,,
Cabo,,,,,,
Guinea,,,,,,
Baton Rouge,,,,,,
Sunshine State,,,,,,
Gabon,,,,,,
Niger,,,,,,
Pitkin,,,,,,
Narmada,,,,,,
Rapides,,,,,,
-Hong,,,,,,
Al Ghaidah,,,,,,
the Gulf of California,,,,,,
The Horn of Africa,,,,,,
ICC,,,,,,
Americas,,,,,,
New York City Area Under State of Emergency,,,,,,
the River Benue Basin,,,,,,
the Global North,,,,,,
the Hudson Valley,,,,,,
Helsinki,,,,,,
Typhoon Saola,,,,,,
Sukkot,,,,,,
Espana,,,,,,
the Global South,,,,,,
Okhal,,,,,,
Yucatan Peninsula,,,,,,
N.H.,,,,,,
Molesworth,,,,,,
Gaza Strip,,,,,,
Gippsland,,,,,,
South Lhonak Lake,,,,,,
the Gaza Strip,,,,,,
Newry,,,,,,
Lainchour,,,,,,
Oktoberfest,,,,,,
Hunga,,,,,,
ISLAMABAD,,,,,,
the Sunshine State,,,,,,
Canberra,,,,,,
Portsmouth,,,,,,
Khabarhub,,,,,,
TAMPA,,,,,,
Labrador,,,,,,
the River Niger,,,,,,
TX,,,,,,
Floridas west coast,,,,,,
North India,,,,,,
Airbnbs,,,,,,
the North Island,,,,,,
Keaton Beach,,,,,,
Gulf coast,,,,,,
CHARLESTON,,,,,,
Miyako island,,,,,,
USAID,,,,,,
New York's,,,,,,
Lagdo Dam,,,,,,
SANTA CLARA,,,,,,
Cagayan,,,,,,
the Caribbean Sea,,,,,,
Telangana,,,,,,
the Bega Valley,,,,,,
Sumter,,,,,,
Windsor-Essex,,,,,,
the Doubs river,,,,,,
Kathmandu,,,,,,
Spains Mallorca island,,,,,,
IRVINE,,,,,,
the Upper Midwest,,,,,,
Benue,,,,,,
Papua New Guinea,,,,,,
south Lhonak lake,,,,,,
Andalusia,,,,,,
Northland,,,,,,
the Southwest Monsoon,,,,,,
Everglades,,,,,,
the Atlas Mountains,,,,,,
the Atlantic Basin,,,,,,
Bar Harbor,,,,,,
Tokai,,,,,,
Bahamas,,,,,,
eastern Maine,,,,,,
the Central Atlantic,,,,,,
Amazonas,,,,,,
Hume,,,,,,
Cauvery,,,,,,
Rikers Island,,,,,,
BJP,,,,,,
None Sea,,,,,,
Warm Atlantic Ocean,,,,,,
Gatlinburg,,,,,,
Bong County,,,,,,
Kpatawee,,,,,,
the Virgin Islands,,,,,,
Nice,,,,,,
Somerset,,,,,,
Arkansas,,,,,,
the Arrow Lakes,,,,,,
the Democratic Republic of the Congo,,,,,,
Bembridge,,,,,,
Anadolu,,,,,,
Columbia,,,,,,
Southeast coast,,,,,,
the Melbourne Storm's,,,,,,
west,,,,,,
tr><td,,,,,,
Middle East Monitor,,,,,,
Eastern Libya,,,,,,
Kampar,,,,,,
Sydney Harbour,,,,,,
CANBERRA,,,,,,
DHAKA,,,,,,
AMMAN,,,,,,
Jordan,,,,,,
North Atlantic,,,,,,
the Northern Sea Route,,,,,,
New South Wales Rural Fire Service,,,,,,
Barcelona,,,,,,
Maoming,,,,,,
PORTLAND,,,,,,
MINNEAPOLIS,,,,,,
LIBYA,,,,,,
the west Atlantic,,,,,,
Muang,,,,,,
Richmond,,,,,,
a Tropical Storm,,,,,,
Ghana,,,,,,
the Wa Municipality,,,,,,
Bolshoi Kamen,,,,,,
Nile River,,,,,,
PATUXENT RIVER,,,,,,
the Northeastern United States,,,,,,
Warsaw,,,,,,
Valencia,,,,,,
Cocoa Beach,,,,,,
Virginia Offshore Wind,,,,,,
Northern Sea,,,,,,
Loutraki,,,,,,
Nordic,,,,,,
Toledo,,,,,,
Black Rock City,,,,,,
North Carolina's,,,,,,
Yilan,,,,,,
BERLIN,,,,,,
Frozenfar,,,,,,
the Mississippi River,,,,,,
Catalunya,,,,,,
Tropical,,,,,,
Southern Hemisphere,,,,,,
Macao,,,,,,
Buenos Aires,,,,,,
Guangdong province's,,,,,,
the Overberg District Municipality,,,,,,
VPN,,,,,,
BRISTOL,,,,,,
Wisc,,,,,,
Green Bay,,,,,,
Zaporizhia,,,,,,
Northern Greece,,,,,,
Shuswap,,,,,,
Okanagan,,,,,,
Cape Corridor,,,,,,
Dorset,,,,,,
Sutlej River,,,,,,
N.C.,,,,,,
Port Washington,,,,,,
States,,,,,,
Uzbekistan,,,,,,
East Market Street,,,,,,
Orleans,,,,,,
Brazils,,,,,,
DANBURY,,,,,,
CT,,,,,,
Rocky Mountains,,,,,,
Svalbard,,,,,,
Everest Re,,,,,,
Gaddafi,,,,,,
LEEDS,,,,,,
South Shore,,,,,,
Al Bayda,,,,,,
Burgas,,,,,,
KARACHI,,,,,,
Albuquerque,,,,,,
Banja Luka,,,,,,
Popocatépet,,,,,,
Eastern Europe,,,,,,
Topeka,,,,,,
Doha,,,,,,
the East Coas…,,,,,,
Heilongjiang province,,,,,,
Kimberley,,,,,,
Halls Creek,,,,,,
Benue State,,,,,,
mid-Atlantic Coast,,,,,,
Lake Michigan,,,,,,
Horseshoe Beach,,,,,,
New...,,,,,,
Imperial Beach,,,,,,
GENEVA,,,,,,
New York City (,,,,,,
Okinawa,,,,,,
East Asia,,,,,,
east Asia,,,,,,
Franklin,,,,,,
the Eastern US,,,,,,
ANGELES,,,,,,
Spokane,,,,,,
Western Europe,,,,,,
PARIS,,,,,,
the San Bernardino Mountains,,,,,,
Mendenhall River,,,,,,
west coast,,,,,,
fl,,,,,,
eastern Caribbean Sea,,,,,,
HOUSTON,,,,,,
the Great Lakes,,,,,,
Schleswig,,,,,,
Juba,,,,,,
Newark,,,,,,
Okanogan,,,,,,
Tropical Storm Harold,,,,,,
Prescott,,,,,,
Santa Ana's,,,,,,
homs,,,,,,
the easteern United States,,,,,,
the Colorado River,,,,,,
RSV,,,,,,
Typhoon Khanun,,,,,,
Primorye,,,,,,
Cambodia,,,,,,
PALM DESERT,,,,,,
Dentiuk,,,,,,
South Sudan's,,,,,,
Fort Worth,,,,,,
Mass,,,,,,
Dallas,,,,,,
Upper Nile,,,,,,
South Africa’s,,,,,,
Latvia,,,,,,
the Green Mountain State,,,,,,
Mt Etna,,,,,,
Geneva,,,,,,
IMPERIAL BEACH,,,,,,
North Carolina State,,,,,,
Catalina Island,,,,,,
Sioux Falls,,,,,,
Ischia,,,,,,
the Pacific Coast of Central America,,,,,,
the Pacific Coast,,,,,,
MunsterWet,,,,,,
Santa Cruz,,,,,,
South West,,,,,,
Binh,,,,,,
Portland,,,,,,
Wuhan,,,,,,
"Southern California02:02
",,,,,,
Asia-Pacific,,,,,,
Mount Vesuvius,,,,,,
Buan,,,,,,
MotoGP,,,,,,
Mexicos Pacific,,,,,,
Mississippi River,,,,,,
Ventura,,,,,,
the east coast,,,,,,
Southwestern US,,,,,,
the Mendenhall river,,,,,,
California State,,,,,,
JUNEAU,,,,,,
Central America,,,,,,
Tianjin,,,,,,
New York State,,,,,,
Honshu,,,,,,
KELOWNA,,,,,,
Northern State,,,,,,
North,,,,,,
the River Seine,,,,,,
North West Territories,,,,,,
River,,,,,,
The Gulf Stream,,,,,,
Inami,,,,,,
Senjojiki,,,,,,
Shirahama,,,,,,
Mendenhall Lake,,,,,,
Wakayama prefecture,,,,,,
the National Oceanic and Atmospheric Association,,,,,,
Southern,,,,,,
the Antarctic peninsula,,,,,,
Maui Island,,,,,,
NC,,,,,,
the Sutlej River,,,,,,
snowploughs,,,,,,
Zandvoort,,,,,,
the far east,,,,,,
PALO ALTO,,,,,,
Southern Spain,,,,,,
Downton Lake,,,,,,
Mecca,,,,,,
Lahaina beach,,,,,,
Storm Hans,,,,,,
Lardos,,,,,,
Fujian,,,,,,
the south east,,,,,,
San Francisco,,,,,,
British Colombia,,,,,,
Tjoritja West MacDonnell,,,,,,
Mallorca,,,,,,
Oslo,,,,,,
Seoul,,,,,,
Mich.,,,,,,
D.J.,,,,,,
Paradise,,,,,,
Seville,,,,,,
Doti,,,,,,
Ariz.,,,,,,
Iberia,,,,,,
Europes,,,,,,
Southampton,,,,,,
Adamawa,,,,,,
Metro Manila,,,,,,
Typhoon Egay,,,,,,
rainbow jersey,,,,,,
Westminster,,,,,,
Sarangani,,,,,,
U.K.,,,,,,
Alice Springs,,,,,,
South South East,,,,,,
Alaska`s,,,,,,
BATON ROUGE,,,,,,
Kashmir,,,,,,
Kupiansk,,,,,,
the Western Cape,,,,,,
Chandauli,,,,,,
Uttar Pradesh,,,,,,
the Glomma River,,,,,,
Wis.,,,,,,
Palestine Refugees,,,,,,
the Near East,,,,,,
Emiliya village,,,,,,
the Ambazari lake,,,,,,
VENTURA,,,,,,
Moroccos Marrakesh,,,,,,
the North Pacific,,,,,,
Thessaloniki,,,,,,
SC Braga,,,,,,
Harbin,,,,,,
Chinas Hebei province,,,,,,
Vidarbha,,,,,,
Nag river,,,,,,
Mendenhall Glacier,,,,,,
the Arab Spring,,,,,,
Jakarta,,,,,,
Chandrayaan-3 moon mission,,,,,,
Susa,,,,,,
ShelterBox,,,,,,
Fenwick Island,,,,,,
RABAT,,,,,,
Rio de Janeiro,,,,,,
Rio de Janeiros BioParque,,,,,,
Indian Ocean Dipole,,,,,,
Yavatmal,,,,,,
Indian Ocean,,,,,,
LOCKEPORT,,,,,,
Gondia,,,,,,
Batangas,,,,,,
Wardha,,,,,,
Mount Pelion,,,,,,
TUNIS,,,,,,
U.S. East Coast,,,,,,
Atlantic Coast,,,,,,
Gnowangerup,,,,,,
Mentougou District,,,,,,
the East coast,,,,,,
Sask,,,,,,
Wrightsville Beach,,,,,,
Shuiyuzui Village,,,,,,
Rosthern,,,,,,
the Hemsila river,,,,,,
lau,,,,,,
Western Sahara,,,,,,
the Hemsilar river,,,,,,
Goteborg,,,,,,
Southern East Coast,,,,,,
Texas City,,,,,,
Germanys,,,,,,
Devon,,,,,,
Garden Route,,,,,,
the Potomac River,,,,,,
Gothenburg,,,,,,
the Mid-Atlantic Coast,,,,,,
Democratic Republic of the Congo,,,,,,
Barcelos,,,,,,
Bhatsa,,,,,,
Jilin province,,,,,,
North Carolina Coast,,,,,,
Alpine,,,,,,
Türk,,,,,,
Democratic Republic of the,,,,,,
Va.,,,,,,
The Mendenhall Lake,,,,,,
Westmoreland County,,,,,,
the Amalfi Coast,,,,,,
N.J.,,,,,,
North Carolina’s,,,,,,
Colonial Beach,,,,,,
Tamil Nadu,,,,,,
Peru,,,,,,
Northern,,,,,,
Srpska,,,,,,
Bleached elkhorn,,,,,,
Central Gujarat,,,,,,
Patan,,,,,,
Hong Kong’s,,,,,,
the San Francisco Bay Area,,,,,,
New York City's,,,,,,
Nigel,,,,,,
the Robson Valley,,,,,,
St Helens,,,,,,
New Spain,,,,,,
Robson V,,,,,,
Harare,,,,,,
Volcano Eruption Set To Warm Earth,,,,,,
Root,,,,,,
Leeds,,,,,,
Bayelsa State,,,,,,
Hawaii Island,,,,,,
United Kingdom,,,,,,
WINDHOEK,,,,,,
Cisco,,,,,,
ma,,,,,,
JFK,,,,,,
Western,,,,,,
Reno,,,,,,
Winnebago,,,,,,
Haleakala,,,,,,
N,,,,,,
southeast coast,,,,,,
Antarctic Sea-Ice,,,,,,
the Hawai’ian kingdom,,,,,,
Wortham,,,,,,
HONG KONGDozens,,,,,,
Batter North,,,,,,
the Arctic Circle,,,,,,
Tehran,,,,,,
Communities,,,,,,
Suicide Basin's,,,,,,
Rapar,,,,,,
Jamnagar,,,,,,
Suicide Basin,,,,,,
Alentejo,,,,,,
H1,,,,,,
North Pole,,,,,,
Alaska Eroded Riverbanks,,,,,,
Zurich,,,,,,
West Virginia,,,,,,
Australias,,,,,,
Antarctica sea,,,,,,
an El Niño,,,,,,
midwest,,,,,,
Drench Atlantic States,,,,,,
Ludlow,,,,,,
Libyas Mediterranean,,,,,,
Taal,,,,,,
North Africa’s,,,,,,
Montpelier,,,,,,
Holy Island,,,,,,
Cape Hatteras,,,,,,
Earth Strike Zone,,,,,,
the American South,,,,,,
Northeast Harbor,,,,,,
American South,,,,,,
tw,,,,,,
Bosnia,,,,,,
Lawrencetown Beach,,,,,,
Banja,,,,,,
Hunga-Tonga,,,,,,
landslides.https://www.marketscreener.com/quote/stock/HOVE-A-S-12900…,,,,,,
New Ze,,,,,,
Miss.,,,,,,
northeas,,,,,,
nort,,,,,,
Pickles Reef,,,,,,
Mediterranean coast,,,,,,
Taal Volcan,,,,,,
Butlin,,,,,,
Juneau&#039;s Mendenhall River,,,,,,
Zelensky,,,,,,
Prada,,,,,,
Gucci,,,,,,
Bec,,,,,,
Pickles,,,,,,
Baoding city,,,,,,
Baltimore,,,,,,
Bondi,,,,,,
Eastern US,,,,,,
mid-Atlantic,,,,,,
Bondi Beach,,,,,,
the Carrai Creek,,,,,,
N.Y.,,,,,,
Binghamton,,,,,,
the New South Wales Mid North Coast,,,,,,
South East Stars,,,,,,
Christchurch,,,,,,
Northumberland,,,,,,
Bahia,,,,,,
SACRAMENTO,,,,,,
E. Libya,,,,,,
Chandrapur,,,,,,
Sao,,,,,,
Norman,,,,,,
Kabul,,,,,,
Northern China,,,,,,
the Tonga archipelago,,,,,,
Tongatapu,,,,,,
Denver,,,,,,
Colo.,,,,,,
Mediano,,,,,,
Northern Arizona,,,,,,
JERUSALEM,,,,,,
Flagstaff,,,,,,
Angus,,,,,,
Bayelsa,,,,,,
Nine States,,,,,,
the Gaza S,,,,,,
Zenda Jan,,,,,,
Herat province,,,,,,
Yaoundé,,,,,,
Fiorentina,,,,,,
EAST ST,,,,,,
Salta province,,,,,,
Madang Province,,,,,,
East St. Louis,,,,,,
South America's,,,,,,
Lake Tefé,,,,,,
Woodgate Beach,,,,,,
Ghent,,,,,,
El Nino Alert,,,,,,
Co Kildare,,,,,,
Gangtok,,,,,,
Central Asia,,,,,,
Lainchaur,,,,,,
Roman,,,,,,
leas,,,,,,
the Teesta river basin,,,,,,
Bega Valley,,,,,,
Western U.S,,,,,,
the Western United States,,,,,,
the Okinawa islands,,,,,,
the Teesta River,,,,,,
Fort Myers Beach,,,,,,
Mount Doom,,,,,,
MILAN,,,,,,
Changping,,,,,,
Armenia,,,,,,
Glacial lake,,,,,,
Vietnam,,,,,,
PERTH,,,,,,
VILNIUS,,,,,,
the Eastern Economi,,,,,,
Glacial Lake Floods:,,,,,,
Unicef,,,,,,
Dominica,,,,,,
the East Sea,,,,,,
Western Herat Region,,,,,,
Eurasia,,,,,,
Wetteren,,,,,,
the New River,,,,,,
Oroville,,,,,,
Puerto Vallarta,,,,,,
Sky Yang,,,,,,
Southwest Florida,,,,,,
Yel,,,,,,
the Gulf of Pozzuoli,,,,,,
Affect Leeward Islands,,,,,,
Coral Sea,,,,,,
North Queensland,,,,,,
Willis Eschenbach,,,,,,
Mattapan,,,,,,
Jutland,,,,,,
the British Isles,,,,,,
Barbados,,,,,,
Impact Baja,,,,,,
Kent,,,,,,
the Roman Empire,,,,,,
The Roman Empire,,,,,,
west-northwestwards,,,,,,
Kulgam,,,,,,
the Sea of Cortez,,,,,,
Ladakh,,,,,,
Socotra,,,,,,
Salalah,,,,,,
San Mateo,,,,,,
Bay of Bengal,,,,,,
the Bay of Bengal,,,,,,
West Bank,,,,,,
Springwise,,,,,,
Mauritius,,,,,,
the West Bank,,,,,,
BRAZIL,,,,,,
New Zealands,,,,,,
KUALA LUMPUR,,,,,,
Blantyre,,,,,,
Hubbard,,,,,,
Telea,,,,,,
Leicester,,,,,,
Cana,,,,,,
BRASILIA,,,,,,
the United St,,,,,,
Gaza City,,,,,,
Jerusalem,,,,,,
Afghan,,,,,,
Cordoba,,,,,,
SAO,,,,,,
South Canterbury’s,,,,,,
the South Island,,,,,,
San Marino,,,,,,
Windsor Park,,,,,,
Palestine,,,,,,
BUFFALO,,,,,,
NY,,,,,,
Buffalo,,,,,,
Bejing,,,,,,
Beij,,,,,,
Burbank,,,,,,
Almyros,,,,,,
Hebei Province,,,,,,
agricultura,,,,,,
Liverpool,,,,,,
Evia,,,,,,
Getty,,,,,,
CHINA,,,,,,
The Hebei province,,,,,,
Modifi,,,,,,
S.D.,,,,,,
Rapides Parish,,,,,,
East Africa,,,,,,
the Amazon Summit,,,,,,
Memphis,,,,,,
New Mexico’s,,,,,,
the Tulare Lake Basin,,,,,,
HANFORD,,,,,,
Kings County,,,,,,
Hanford,,,,,,
Pasadena,,,,,,
Warm ocean,,,,,,
the Kaligandaki corridor,,,,,,
the South Afri,,,,,,
Volos city,,,,,,
Riverland,,,,,,
South Australia's,,,,,,
TRIPOLI,,,,,,
Eastern Cape,,,,,,
S.Africa,,,,,,
Lhonak Lake,,,,,,
Soc Son District,,,,,,
Las Vacas river,,,,,,
Guatemala City,,,,,,
Tropical Storm Philippe,,,,,,
Disney,,,,,,
Mississippi River's,,,,,,
GUATEMALA CITY:,,,,,,
South Portland,,,,,,
Guatemalas,,,,,,
Vlochos,,,,,,
Azerbaijan,,,,,,
South Caucasus,,,,,,
Nagorno-Karabakh,,,,,,
Aegean Sea,,,,,,
FLORIDA,,,,,,
Perry,,,,,,
SHENZHEN,,,,,,
Infra Storm,,,,,,
the Jotunheimen Mountains,,,,,,
Innlandet County,,,,,,
Winter Sea Ice,,,,,,
Jilin,,,,,,
Ireland v South Africa,,,,,,
New Zealan,,,,,,
the Savannah Region,,,,,,
Savannah,,,,,,
Rudraprayag,,,,,,
Gaurikund,,,,,,
Connecticut,,,,,,
Nassau,,,,,,
Celsi,,,,,,
EUROPE,,,,,,
Guatemala ministry,,,,,,
Lake Maracaibo,,,,,,
globeby,,,,,,
The City,,,,,,
wh… GUATEMALA CITY,,,,,,
JoB,,,,,,
Bitcoin,,,,,,
Adobe,,,,,,
Aus…,,,,,,
the Bass Strait,,,,,,
Flinders Island,,,,,,
Mekong,,,,,,
Hoa Luu Commune,,,,,,
Hau Giang Province's,,,,,,
tempe,,,,,,
Sanlitun,,,,,,
Storm-Z,,,,,,
Dubbo,,,,,,
Genadendal,,,,,,
West Nepal,,,,,,
Okhar,,,,,,
Jayaprithvi,,,,,,
supermar,,,,,,
the United States Survive,,,,,,
The Southwest Monsoon,,,,,,
Southwest Monsoon,,,,,,
Se,,,,,,
Finl,,,,,,
Jersey City,,,,,,
Quebec,,,,,,
Regal,,,,,,
Midtown,,,,,,
UNITED STATES - SEPTEMBER,,,,,,
Williamsburg,,,,,,
new york,,,,,,
New York Floods,,,,,,
"the United
States",,,,,,
Gulf Stream,,,,,,
Riverdale,,,,,,
Nethe,,,,,,
Kosovo,,,,,,
Serbia,,,,,,
Zimbabwe,,,,,,
Conn.,,,,,,
Sea of Oman,,,,,,
Isfahan,,,,,,
the Sea of Oman,,,,,,
Ryder Cup,,,,,,
Labrador Sea,,,,,,
the Netherlands,,,,,,
Thiruvananthapuram,,,,,,
Evia ATHENS,,,,,,
R-Calif.,,,,,,
NEW ORLEANS,,,,,,
the river island,,,,,,
Tropical Storm Emily,,,,,,
Black Rock,,,,,,
Southwest region,,,,,,
the Desert Southwest,,,,,,
San Gorgonio Pass,,,,,,
the NSW North Coast,,,,,,
the Coachella Valley,,,,,,
Prima …,,,,,,
Riverside County,,,,,,
Vendome,,,,,,
Vt.,,,,,,
the Central Mountain Range,,,,,,
Shantou,,,,,,
Island,,,,,,
Typhoon,,,,,,
Atletico Madrid,,,,,,
La Paz,,,,,,
Los Cerritos,,,,,,
Gree,,,,,,
Canary island,,,,,,
Temu,,,,,,
Hong Kong Property,,,,,,
Lake Mead,,,,,,
Okanagan Va,,,,,,
Canadas British Columbia,,,,,,
PALMDALE,,,,,,
Northwest TerritoriesCanada,,,,,,
Madhya Pradesh,,,,,,
WESH,,,,,,
Typh,,,,,,
Cabo San Lucas,,,,,,
Goldfinch4ever,,,,,,
Down City,,,,,,
the Southeast United States,,,,,,
H…,,,,,,
Southern China Megacities,,,,,,
Spains Canary Islands,,,,,,
souther,,,,,,
Canary Island,,,,,,
Guangdong province,,,,,,
Chinas Guangdong,,,,,,
fina,,,,,,
Port Mansfield,,,,,,
Jose,,,,,,
Southern Califo,,,,,,
Trinidad,,,,,,
Port of Spain,,,,,,
HORSESHOE BEACH,,,,,,
BGP,,,,,,
Elk,,,,,,
Washington State,,,,,,
Santa Ana,,,,,,
articles!A,,,,,,
Storm Betty,,,,,,
Greenbelt MD,,,,,,
Yokohama,,,,,,
brazil,,,,,,
Ocean,,,,,,
the Ionian Sea,,,,,,
Trop,,,,,,
Leitrim,,,,,,
Lokniti-CSDS,,,,,,
the Mount Teide,,,,,,
Newgale Campsite,,,,,,
Los Angele,,,,,,
CABO SAN LUCAS,,,,,,
Storm Hilarys,,,,,,
South West WA,,,,,,
Wollongong,,,,,,
Southern Europe,,,,,,
Southern Cali,,,,,,
"Bogotá, Colombia",,,,,,
Torrential,,,,,,
southeast Europe,,,,,,
the Northern Territory's,,,,,,
María Moreno,,,,,,
Bogotá,,,,,,
Rajasthan,,,,,,
Po… Jersey City,,,,,,
the British Virgin Islands,,,,,,
East Europe,,,,,,
the United States Congres,,,,,,
Santa Catarina,,,,,,
Donegal,,,,,,
the High Desert,,,,,,
Budapest,,,,,,
Sin City's,,,,,,
Manchester United,,,,,,
the Southwest U.S.,,,,,,
Manchester,,,,,,
Maryland Heights,,,,,,
Northern Irelands,,,,,,
St. Louis,,,,,,
Southern Cal,,,,,,
WELLINGTON,,,,,,
San Luis Obispo County,,,,,,
SLO County,,,,,,
Bell County,,,,,,
Lake Belton,,,,,,
Sparta,,,,,,
Fujian Province,,,,,,
MEXICO,,,,,,
Strip,,,,,,
middle America,,,,,,
Hene,,,,,,
St. Lucia,,,,,,
landsweltering,,,,,,
marin,,,,,,
the Northern hemisphere,,,,,,
the Deep South,,,,,,
Fuzhou,,,,,,
Quanzhou,,,,,,
F-16s,,,,,,
the Richmond River,,,,,,
the New South Wales,,,,,,
Gun Lake,,,,,,
the United Arab Em… Xi,,,,,,
Wular Lake,,,,,,
North Philippines,,,,,,
Cal,,,,,,
New Hampshire Commissioners,,,,,,
Roman S,,,,,,
Europ,,,,,,
Nollywood,,,,,,
west Maui,,,,,,
Chandrayaan-3 Moon,,,,,,
alle,,,,,,
Canary Isla,,,,,,
Bahawalnagar,,,,,,
Pakistans Punjab province,,,,,,
Ruston,,,,,,
Sindh,,,,,,
Sindh province -,,,,,,
Livingston,,,,,,
Sutlej river,,,,,,
DeclarationThe,,,,,,
Saudi Arabias Mecca,,,,,,
Saudi Arabia’s,,,,,,
Milwaukee,,,,,,
Tigray,,,,,,
Athensburning,,,,,,
MexicoFox,,,,,,
Detroit ROMULUS,,,,,,
the Southwest monsoon,,,,,,
Mallorca island,,,,,,
Central Punjab,,,,,,
Islamabad,,,,,,
Scon,,,,,,
Avonmeads Retail Park,,,,,,
Bak,,,,,,
Vt,,,,,,
North Florida,,,,,,
Markham,,,,,,
Hampshire,,,,,,
Taipei,,,,,,
the red jersey,,,,,,
Southeast Asia,,,,,,
Hurricane,,,,,,
L.B.,,,,,,
Selkirk,,,,,,
West Kelowna,,,,,,
Alexandroupoli,,,,,,
Dugald,,,,,,
ROMULUS,,,,,,
Lillooet,,,,,,
Califo,,,,,,
Baggao,,,,,,
Pagasa,,,,,,
New York City Sign,,,,,,
Ahmedabad,,,,,,
Big Bend,,,,,,
Fla,,,,,,
Ladgo Dam,,,,,,
Lagdo dam,,,,,,
Steinhatchee,,,,,,
Chandrayaan-3 moon,,,,,,
STEINHATCHEE,,,,,,
Tarpon Springs,,,,,,
Stasi,,,,,,
Moab Utah,,,,,,
Oceania,,,,,,
Liffey,,,,,,
articleA,,,,,,
Delta,,,,,,
the Rivers Niger,,,,,,
Click2Houston Tropical,,,,,,
the Big Bend,,,,,,
Idalias,,,,,,
Greec,,,,,,
CAROLINAS,,,,,,
South CarolinaPERRY,,,,,,
Mount Charleston,,,,,,
the Benue River,,,,,,
Port Charlotte,,,,,,
lan… Hong Kong,,,,,,
North Texas,,,,,,
Orange County Fire Authorit,,,,,,
mor… PALM DESERT,,,,,,
the Canary Islands',,,,,,
the Steinhatchee Marina,,,,,,
SOUTH CAROLINA,,,,,,
North and South Carolina,,,,,,
Cecelia,,,,,,
Eastern Seaboard,,,,,,
Turke,,,,,,
Canadas,,,,,,
Flexible Timeshare,,,,,,
Montreal,,,,,,
gulf coast,,,,,,
Floridas gulf,,,,,,
Delmarva,,,,,,
Santo Domingo,,,,,,
SoCal During Tropical Storm,,,,,,
Ont.,,,,,,
reduc,,,,,,
Southern California Sun,,,,,,
New Yorks Hudson Valley,,,,,,
SANTA ANA,,,,,,
Mulugu,,,,,,
Hyderabad,,,,,,
Southern California Sign,,,,,,
St. Petersburg,,,,,,
Vorarlberg,,,,,,
Tyr…,,,,,,
South Carol,,,,,,
cryopreserving,,,,,,
PMFBY,,,,,,
San Bernardino,,,,,,
Occitane,,,,,,
BELFAST,,,,,,
Hpakant township,,,,,,
Mucum,,,,,,
Willow Beach,,,,,,
Lake Mead Area Hit With Weather Warnings Amid Thunderstorms,,,,,,
Typhoon Lan,,,,,,
Outback,,,,,,
Chinas Xian city,,,,,,
hourslong downpour,,,,,,
Xi'an city,,,,,,
Darmstadt,,,,,,
kille,,,,,,
Sumatra,,,,,,
Russias Far East,,,,,,
Rhode,,,,,,
Libyan city,,,,,,
le… [,,,,,,
Far East,,,,,,
Hawaiis Kilauea,,,,,,
Far East Flooding,,,,,,
mo…,,,,,,
Shaanxi,,,,,,
Kilauea Volcano,,,,,,
Hawaiis Big Island,,,,,,
the Grand Canyon,,,,,,
Sea,,,,,,
the South Shore of Long Island,,,,,,
Keko,,,,,,
Nova Scoti,,,,,,
DERNA,,,,,,
Shepparton,,,,,,
the Bitterroot Valley,,,,,,
Missoula,,,,,,
the Certima River,,,,,,
northwest Montana,,,,,,
White Island,,,,,,
Tauranga,,,,,,
Mon…,,,,,,
Worcester County,,,,,,
LIbya,,,,,,
Sri Lanka Live Score,,,,,,
Shreyas,,,,,,
Shami,,,,,,
Colaba,,,,,,
eastern Libya,,,,,,
Mandi,,,,,,
Kullu,,,,,,
Etna,,,,,,
McDermitt Caldera,,,,,,
the McDermitt Caldera,,,,,,
Maomin,,,,,,
ITALY,,,,,,
the River Thames,,,,,,
Autoblog,,,,,,
north Kent,,,,,,
Diana,,,,,,
The County of Maui,,,,,,
Anchorage,,,,,,
Northern Sea Route,,,,,,
North… Heavy,,,,,,
New South Wales',,,,,,
the Eastern Sea,,,,,,
Mountain,,,,,,
the Upper West Re,,,,,,
Lahai… Maui,,,,,,
the Blue Mountains,,,,,,
Blue Mountains,,,,,,
the Gulf of Mexi… PATUXENT RIVER,,,,,,
BRUSSELS,,,,,,
WARSAW,,,,,,
Khanun,,,,,,
The National Oceanic,,,,,,
the Aloha State,,,,,,
Philly,,,,,,
AFL heartland,,,,,,
Le·gal,,,,,,
Maine BAR HARBOR,,,,,,
Andalucía,,,,,,
New South Wale,,,,,,
Saskatchewan,,,,,,
aloha,,,,,,
the Gulf of …,,,,,,
Chandrayaan,,,,,,
Lahain,,,,,,
northeast United States,,,,,,
Far South Coast,,,,,,
Hampton Beach,,,,,,
sma,,,,,,
L…,,,,,,
Libyan City,,,,,,
Malbork,,,,,,
Louisiana RUSTON,,,,,,
the Kingdom of Hawaii,,,,,,
MA,,,,,,
Norton,,,,,,
Nantucket,,,,,,
Chatham,,,,,,
Falmouth,,,,,,
Provincetown,,,,,,
The United Kingdom,,,,,,
World</i,,,,,,
Maui county,,,,,,
North Carolinas,,,,,,
the Tjoritja West,,,,,,
Murray River,,,,,,
Echuca,,,,,,
THE NORTHWEST TERRITORIES,,,,,,
BRITISH COLUMBIA,,,,,,
Canadas Northw,,,,,,
KC,,,,,,
the Strondafjorden lake,,,,,,
le,,,,,,
Myrtle Beach,,,,,,
Wellington,,,,,,
Indian Himalayas,,,,,,
Primorsky Territory,,,,,,
Erie County,,,,,,
Canary Isles,,,,,,
northern Chile,,,,,,
Bulga,,,,,,
east Africa’s,,,,,,
Canary Isles Battle ',,,,,,
Maui county’s,,,,,,
Golos,,,,,,
Mount Teide,,,,,,
Ogbaru Local Government Area,,,,,,
Gurdaspur,,,,,,
Alameda,,,,,,
WA,,,,,,
Black Rock Desert,,,,,,
Allionia incarnata,,,,,,
The Northern Hemisphere's,,,,,,
Spanish Island,,,,,,
New York City’s,,,,,,
Tropical Storm Margot,,,,,,
accor,,,,,,
Kostiantynivka,,,,,,
Rain Falls,,,,,,
Central Australia,,,,,,
El Alto,,,,,,
"Typhoon
",,,,,,
Sunda,,,,,,
recor,,,,,,
Blankevoort B.V.,,,,,,
the Mississippi Delta,,,,,,
Southeast beaches,,,,,,
the Delta Blues,,,,,,
South France,,,,,,
Sul,,,,,,
WMO,,,,,,
Som…,,,,,,
Somalia,,,,,,
Irelands,,,,,,
R.I,,,,,,
the Rio Grande,,,,,,
Atiku,,,,,,
Obis,,,,,,
South America Europe,,,,,,
the U.S. Virgin Islands,,,,,,
Haikui,,,,,,
Rakhine,,,,,,
Munster,,,,,,
BARCELONA,,,,,,
Arrow Lakes,,,,,,
N.M.,,,,,,
ALBUQUERQUE,,,,,,
the Lesser Antilles,,,,,,
Urayasu,,,,,,
Wedn,,,,,,
Hurricane Idalia,,,,,,
the Yucatan Peninsula,,,,,,
New Republic],,,,,,
Leeward Island,,,,,,
damage.https://www.marketscreener.com/quote/comm,,,,,,
Shizuoka,,,,,,
Chiba,,,,,,
San Diego Coast,,,,,,
Marseille,,,,,,
Juan…,,,,,,
s**t,,,,,,
Northern Territory,,,,,,
the Pacific region,,,,,,
Leeward… SAN JUAN,,,,,,
THE MISSISSIPPI RIVER,,,,,,
Nara city,,,,,,
Hpakant towns,,,,,,
Kobe,,,,,,
Southern California's,,,,,,
landfal,,,,,,
Pantera,,,,,,
Pelion,,,,,,
Northern Caribbean,,,,,,
San Juan,,,,,,
Guangxi,,,,,,
Milei,,,,,,
Leeward Islands,,,,,,
May.,,,,,,
Typhoon Approaches Japan,,,,,,
Frozen Lake,,,,,,
Palamas,,,,,,
US East Coast,,,,,,
Scunthorpe,,,,,,
Mar,,,,,,
Belgrade,,,,,,
understandand,,,,,,
Hong,,,,,,
Virgin Islands,,,,,,
the Atlantic ocean,,,,,,
Kansas City's,,,,,,
western highlands,,,,,,
LOM MUNICIPALITY,,,,,,
NORWAY,,,,,,
the Coast of Baja,,,,,,
Anhui province,,,,,,
Marrakech RABAT,,,,,,
Hefei,,,,,,
Mobara,,,,,,
The Southern Hemisphere,,,,,,
"Record Rainfall, Flooding",,,,,,
Fulton County,,,,,,
Thane,,,,,,
Argeles,,,,,,
lasersand,,,,,,
Kahului,,,,,,
west northwest,,,,,,
Summerland,,,,,,
Peachland,,,,,,
Mau,,,,,,
Northern Califo,,,,,,
ACAPULCO,,,,,,
